hidden_size,n_layers,lr,weight_std,normalize,activation,batch_size,epochs,train_loss,val_loss,train_acc,test_acc,train_precision,test_precision,train_recall,test_recall,train_f1,test_f1,train_auc,test_auc,time_s
8,1,0.01,0.01,True,relu,32,300,0.6680664942752883,0.6674791117443943,0.5413223140495868,0.5409836065573771,0.0,0.0,0.0,0.0,0.0,0.0,0.9240767485042295,0.9415584415584415,0.3317556381225586
8,1,0.05,0.01,True,relu,32,300,0.30824007954389804,0.31376223623104016,0.8760330578512396,0.8688524590163934,0.8932038834951457,0.8846153846153846,0.8288288288288288,0.8214285714285714,0.8598130841121495,0.8518518518518519,0.9412007427274603,0.9372294372294372,0.2681283950805664
8,1,0.1,0.01,True,relu,32,300,0.2859753818288859,0.31003573826414915,0.9090909090909091,0.9016393442622951,0.9158878504672897,0.9230769230769231,0.8828828828828829,0.8571428571428571,0.8990825688073395,0.8888888888888888,0.9499346674919195,0.9393939393939393,0.2617340087890625
16,1,0.01,0.01,True,relu,32,300,0.6319665564942808,0.6327519306245681,0.8181818181818182,0.7704918032786885,0.971830985915493,0.9375,0.6216216216216216,0.5357142857142857,0.7582417582417582,0.6818181818181818,0.9230451825871674,0.9480519480519481,0.31645846366882324
16,1,0.05,0.01,True,relu,32,300,0.30240959318073396,0.3074981098882229,0.8801652892561983,0.8688524590163934,0.8942307692307693,0.8846153846153846,0.8378378378378378,0.8214285714285714,0.8651162790697674,0.8518518518518519,0.9427824771336222,0.9404761904761905,0.30304622650146484
16,1,0.1,0.01,True,relu,32,289,0.28057672702823794,0.29759824611984625,0.9173553719008265,0.8688524590163934,0.9252336448598131,0.8571428571428571,0.8918918918918919,0.8571428571428571,0.908256880733945,0.8571428571428571,0.9517227150814936,0.9448051948051948,0.27988767623901367
32,1,0.01,0.01,True,relu,32,300,0.6013293616861423,0.6010517293188296,0.8305785123966942,0.8688524590163934,0.9166666666666666,0.9166666666666666,0.6936936936936937,0.7857142857142857,0.7897435897435897,0.8461538461538461,0.9216697613644178,0.9458874458874459,0.30141615867614746
32,1,0.05,0.01,True,relu,32,300,0.2955439529617956,0.3053353261865886,0.8966942148760331,0.8688524590163934,0.9056603773584906,0.8846153846153846,0.8648648648648649,0.8214285714285714,0.8847926267281107,0.8518518518518519,0.9456020906402586,0.9448051948051949,0.31873273849487305
32,1,0.1,0.01,True,relu,32,300,0.2647664004971117,0.3008506693829835,0.9338842975206612,0.9016393442622951,0.9439252336448598,0.8928571428571429,0.9099099099099099,0.8928571428571429,0.926605504587156,0.8928571428571429,0.9561928340554295,0.9523809523809524,0.32231593132019043
8,2,0.01,0.01,True,relu,32,213,0.6901366177990707,0.6901721931824051,0.5413223140495868,0.5409836065573771,0.0,0.0,0.0,0.0,0.0,0.0,0.7609517914861426,0.7586580086580086,0.2672131061553955
8,2,0.05,0.01,True,relu,32,40,0.6901872466811192,0.6902216749936074,0.5413223140495868,0.5409836065573771,0.0,0.0,0.0,0.0,0.0,0.0,0.7586823464686061,0.7575757575757576,0.04810047149658203
8,2,0.1,0.01,True,relu,32,36,0.6897896913958749,0.6898365858361533,0.5413223140495868,0.5409836065573771,0.0,0.0,0.0,0.0,0.0,0.0,0.7828209889278591,0.79004329004329,0.04653358459472656
16,2,0.01,0.01,True,relu,32,213,0.6901390141969667,0.6901739967896685,0.5413223140495868,0.5409836065573771,0.0,0.0,0.0,0.0,0.0,0.0,0.686197648029709,0.7932900432900434,0.28551387786865234
16,2,0.05,0.01,True,relu,32,40,0.6901896416793633,0.6902234924618796,0.5413223140495868,0.5409836065573771,0.0,0.0,0.0,0.0,0.0,0.0,0.6809022763221235,0.7911255411255411,0.051851749420166016
16,2,0.1,0.01,True,relu,32,36,0.6897916555101664,0.6898379514035748,0.5413223140495868,0.5409836065573771,0.0,0.0,0.0,0.0,0.0,0.0,0.7404580152671757,0.8279220779220778,0.04643607139587402
32,2,0.01,0.01,True,relu,32,213,0.6901408961843528,0.6901775567338022,0.5413223140495868,0.5409836065573771,0.0,0.0,0.0,0.0,0.0,0.0,0.577057974004539,0.5941558441558441,0.31806039810180664
32,2,0.05,0.01,True,relu,32,67,0.6898707361613357,0.6899150644254406,0.5413223140495868,0.5409836065573771,0.0,0.0,0.0,0.0,0.0,0.0,0.6974761020562548,0.7283549783549783,0.09462571144104004
32,2,0.1,0.01,True,relu,32,37,0.689789800292833,0.6898378194488959,0.5413223140495868,0.5409836065573771,0.0,0.0,0.0,0.0,0.0,0.0,0.7212021181486831,0.7521645021645021,0.05481910705566406
8,1,0.01,0.1,True,relu,32,300,0.42511806392819407,0.4119559732411516,0.8429752066115702,0.8360655737704918,0.8476190476190476,0.8214285714285714,0.8018018018018018,0.8214285714285714,0.8240740740740741,0.8214285714285714,0.921257134997593,0.9361471861471862,0.2977454662322998
8,1,0.05,0.1,True,relu,32,300,0.29431715993771224,0.33396042545303,0.8842975206611571,0.8360655737704918,0.9029126213592233,0.8461538461538461,0.8378378378378378,0.7857142857142857,0.8691588785046729,0.8148148148148148,0.9464961144350457,0.9264069264069265,0.29166173934936523
8,1,0.1,0.1,True,relu,32,300,0.26141751102999694,0.32450386472006615,0.9256198347107438,0.8524590163934426,0.9345794392523364,0.8275862068965517,0.9009009009009009,0.8571428571428571,0.9174311926605505,0.8421052631578947,0.9583935080118287,0.9264069264069265,0.29497814178466797
16,1,0.01,0.1,True,relu,32,300,0.39407966332498756,0.39796082260313054,0.8553719008264463,0.8524590163934426,0.8653846153846154,0.8275862068965517,0.8108108108108109,0.8571428571428571,0.8372093023255814,0.8421052631578947,0.9238704353208171,0.9437229437229436,0.2727322578430176
16,1,0.05,0.1,True,relu,32,300,0.27768748639652513,0.3225536012268378,0.9090909090909091,0.8524590163934426,0.908256880733945,0.8518518518518519,0.8918918918918919,0.8214285714285714,0.9,0.8363636363636363,0.9518602572037687,0.9318181818181819,0.28830480575561523
16,1,0.1,0.1,True,relu,32,300,0.2521013937703126,0.331183258073726,0.9421487603305785,0.8032786885245902,0.944954128440367,0.8076923076923077,0.9279279279279279,0.75,0.9363636363636364,0.7777777777777778,0.9592875318066157,0.9329004329004329,0.29364514350891113
32,1,0.01,0.1,True,relu,32,300,0.3767104193158871,0.3567178814587391,0.871900826446281,0.8688524590163934,0.8921568627450981,0.8571428571428571,0.8198198198198198,0.8571428571428571,0.8544600938967136,0.8571428571428571,0.9279966989890653,0.948051948051948,0.3057126998901367
32,1,0.05,0.1,True,relu,32,300,0.25940404245657367,0.3095138652845456,0.9173553719008265,0.8524590163934426,0.9252336448598131,0.8518518518518519,0.8918918918918919,0.8214285714285714,0.908256880733945,0.8363636363636363,0.958874905439791,0.9383116883116883,0.29712510108947754
32,1,0.1,0.1,True,relu,32,300,0.2223464179996243,0.32160153625773336,0.9628099173553719,0.8688524590163934,0.9811320754716981,0.8571428571428571,0.9369369369369369,0.8571428571428571,0.9585253456221198,0.8571428571428571,0.9674025170208377,0.9329004329004329,0.2978556156158447
8,2,0.01,0.1,True,relu,32,300,0.65378213263352,0.6531042963870095,0.5413223140495868,0.5409836065573771,0.0,0.0,0.0,0.0,0.0,0.0,0.863145588336428,0.882034632034632,0.403656005859375
8,2,0.05,0.1,True,relu,32,300,0.2942110991540598,0.3430896532484866,0.8925619834710744,0.8360655737704918,0.897196261682243,0.8461538461538461,0.8648648648648649,0.7857142857142857,0.8807339449541285,0.8148148148148148,0.9466336565573207,0.9253246753246753,0.3662562370300293
8,2,0.1,0.1,True,relu,32,300,0.2546662354573699,0.33449345259622715,0.9380165289256198,0.8360655737704918,0.9285714285714286,0.8214285714285714,0.9369369369369369,0.8214285714285714,0.9327354260089686,0.8214285714285714,0.959149989684341,0.9393939393939394,0.38388943672180176
16,2,0.01,0.1,True,relu,32,300,0.5994488271817197,0.5961350098503819,0.7520661157024794,0.7540983606557377,0.9180327868852459,0.9333333333333333,0.5045045045045045,0.5,0.6511627906976745,0.6511627906976745,0.9067464410975862,0.9036796536796537,0.38494086265563965
16,2,0.05,0.1,True,relu,32,300,0.273693946432053,0.3329125768277975,0.9049586776859504,0.8360655737704918,0.9150943396226415,0.8,0.8738738738738738,0.8571428571428571,0.8940092165898618,0.8275862068965517,0.9528918231208308,0.9329004329004329,0.43244075775146484
16,2,0.1,0.1,True,relu,32,300,0.23398176271454846,0.47057167527899524,0.9752066115702479,0.819672131147541,0.981651376146789,0.84,0.963963963963964,0.75,0.9727272727272728,0.7924528301886793,0.9630699401691768,0.9199134199134198,0.40125155448913574
32,2,0.01,0.1,True,relu,32,300,0.5011912989407654,0.501540958588119,0.8429752066115702,0.8688524590163934,0.8842105263157894,0.8333333333333334,0.7567567567567568,0.8928571428571429,0.8155339805825242,0.8620689655172413,0.9133484629667835,0.922077922077922,0.443187952041626
32,2,0.05,0.1,True,relu,32,300,0.23662421908740086,0.33144436082768286,0.9297520661157025,0.8360655737704918,0.9351851851851852,0.8214285714285714,0.9099099099099099,0.8214285714285714,0.9223744292237442,0.8214285714285714,0.9612131215184652,0.933982683982684,0.43518924713134766
32,2,0.1,0.1,True,relu,32,300,0.1592422354302306,0.35765527450357315,0.9752066115702479,0.8360655737704918,0.9906542056074766,0.875,0.954954954954955,0.75,0.9724770642201835,0.8076923076923077,0.97441716525686,0.9383116883116882,0.4894673824310303
8,1,0.01,0.5,True,relu,32,300,0.4338763021244086,0.43078621216189034,0.8181818181818182,0.8360655737704918,0.8130841121495327,0.8214285714285714,0.7837837837837838,0.8214285714285714,0.7981651376146789,0.8214285714285714,0.8808885221098961,0.8863636363636364,0.2813694477081299
8,1,0.05,0.5,True,relu,32,300,0.32229570899528626,0.35989243989880315,0.8842975206611571,0.8524590163934426,0.8952380952380953,0.88,0.8468468468468469,0.7857142857142857,0.8703703703703703,0.8301886792452831,0.9355615157141874,0.9188311688311689,0.2635624408721924
8,1,0.1,0.5,True,relu,32,300,0.2996620274679336,0.3938378156943325,0.9173553719008265,0.8360655737704918,0.9252336448598131,0.8461538461538461,0.8918918918918919,0.7857142857142857,0.908256880733945,0.8148148148148148,0.9515851729592187,0.9166666666666666,0.28226447105407715
16,1,0.01,0.5,True,relu,32,300,0.41433619488546447,0.45821944683393984,0.8347107438016529,0.8032786885245902,0.8380952380952381,0.7666666666666667,0.7927927927927928,0.8214285714285714,0.8148148148148148,0.7931034482758621,0.9024826353070629,0.8820346320346321,0.27443838119506836
16,1,0.05,0.5,True,relu,32,300,0.29481986296082974,0.4917714015341436,0.9173553719008265,0.8032786885245902,0.9174311926605505,0.7666666666666667,0.9009009009009009,0.8214285714285714,0.9090909090909091,0.7931034482758621,0.9484904752080325,0.8885281385281385,0.27842140197753906
16,1,0.1,0.5,True,relu,32,228,0.28535719925380865,0.5293901614521984,0.9380165289256198,0.8032786885245902,0.9444444444444444,0.7666666666666667,0.918918918918919,0.8214285714285714,0.9315068493150684,0.7931034482758621,0.9530981363042432,0.8950216450216449,0.21414804458618164
32,1,0.01,0.5,True,relu,32,300,0.5614344777980667,0.3905245707499634,0.8471074380165289,0.9016393442622951,0.8490566037735849,0.9583333333333334,0.8108108108108109,0.8214285714285714,0.8294930875576036,0.8846153846153846,0.8822639433326458,0.9372294372294372,0.3023238182067871
32,1,0.05,0.5,True,relu,32,300,0.37770927803047555,0.34712334295591574,0.9380165289256198,0.8688524590163934,0.9705882352941176,0.8571428571428571,0.8918918918918919,0.8571428571428571,0.9295774647887324,0.8571428571428571,0.9378309607317241,0.9437229437229439,0.30514049530029297
32,1,0.1,0.5,True,relu,32,127,0.3823117570074816,0.3445246812362047,0.9338842975206612,0.9016393442622951,0.9702970297029703,0.8928571428571429,0.8828828828828829,0.8928571428571429,0.9245283018867925,0.8928571428571429,0.9345987208582628,0.9437229437229437,0.136122465133667
8,2,0.01,0.5,True,relu,32,300,0.46077810790275714,0.4637030082772794,0.8305785123966942,0.819672131147541,0.8125,0.8148148148148148,0.8198198198198198,0.7857142857142857,0.8161434977578476,0.8,0.8687160442885634,0.8668831168831168,0.39432787895202637
8,2,0.05,0.5,True,relu,32,300,0.3494722432621412,0.41354007995664077,0.8925619834710744,0.8688524590163934,0.8899082568807339,0.8571428571428571,0.8738738738738738,0.8571428571428571,0.8818181818181818,0.8571428571428571,0.9284780964170277,0.9047619047619048,0.3767416477203369
8,2,0.1,0.5,True,relu,32,188,0.34200494701250594,0.43023434885266504,0.9132231404958677,0.8524590163934426,0.9090909090909091,0.8275862068965517,0.9009009009009009,0.8571428571428571,0.9049773755656109,0.8421052631578947,0.9323980469018637,0.9047619047619048,0.23363542556762695
16,2,0.01,0.5,True,relu,32,300,0.4503735596120169,0.5256632901713507,0.8388429752066116,0.7540983606557377,0.86,0.76,0.7747747747747747,0.6785714285714286,0.8151658767772512,0.7169811320754716,0.8802008114985216,0.8452380952380952,0.3930244445800781
16,2,0.05,0.5,True,relu,32,300,0.2610396194542708,0.5088379288789049,0.9421487603305785,0.7868852459016393,0.944954128440367,0.7586206896551724,0.9279279279279279,0.7857142857142857,0.9363636363636364,0.7719298245614035,0.9582559658895536,0.895021645021645,0.4028940200805664
16,2,0.1,0.5,True,relu,32,300,0.2069909911007945,0.7256768916592852,0.9710743801652892,0.7868852459016393,0.956140350877193,0.7586206896551724,0.9819819819819819,0.7857142857142857,0.9688888888888889,0.7719298245614035,0.9754487311739221,0.8852813852813852,0.3956599235534668
32,2,0.01,0.5,True,relu,32,300,0.7647557910373542,0.901655977056187,0.871900826446281,0.7540983606557377,0.9444444444444444,0.7407407407407407,0.7657657657657657,0.7142857142857143,0.845771144278607,0.7272727272727273,0.8623891066639159,0.8181818181818182,0.4470241069793701
32,2,0.05,0.5,True,relu,32,300,0.35573122939282475,0.8181256144384128,0.9586776859504132,0.7868852459016393,0.9809523809523809,0.7777777777777778,0.9279279279279279,0.75,0.9537037037037037,0.7636363636363637,0.9425761639502097,0.8495670995670995,0.4588451385498047
32,2,0.1,0.5,True,relu,32,300,0.3513356306828758,0.8407696602300656,0.9710743801652892,0.7540983606557377,0.9814814814814815,0.7241379310344828,0.954954954954955,0.75,0.9680365296803652,0.7368421052631579,0.9497971253696444,0.8419913419913421,0.4645423889160156
8,1,0.01,0.01,False,relu,32,300,0.573618884592263,0.6226719637796397,0.7066115702479339,0.6885245901639344,0.7083333333333334,0.7368421052631579,0.6126126126126126,0.5,0.6570048309178744,0.5957446808510638,0.7689980056392269,0.7132034632034633,0.27660202980041504
8,1,0.05,0.01,False,relu,32,300,0.6719894237044505,0.8006569735379233,0.6528925619834711,0.6557377049180327,0.7142857142857143,0.7692307692307693,0.40540540540540543,0.35714285714285715,0.5172413793103449,0.4878048780487805,0.7622584416477546,0.7175324675324676,0.26757359504699707
8,1,0.1,0.01,False,relu,32,51,0.6898043053176253,0.6898520353889829,0.5413223140495868,0.5409836065573771,0.0,0.0,0.0,0.0,0.0,0.0,0.5,0.5,0.052047014236450195
16,1,0.01,0.01,False,relu,32,300,0.5761513048314203,0.6198964049762263,0.6942148760330579,0.6721311475409836,0.7228915662650602,0.7222222222222222,0.5405405405405406,0.4642857142857143,0.6185567010309279,0.5652173913043478,0.770029571556289,0.7132034632034633,0.31572890281677246
16,1,0.05,0.01,False,relu,32,300,0.5798237464790027,0.667658690598546,0.7066115702479339,0.7049180327868853,0.6851851851851852,0.7272727272727273,0.6666666666666666,0.5714285714285714,0.6757990867579908,0.64,0.7736744377965752,0.7218614718614719,0.2839627265930176
16,1,0.1,0.01,False,relu,32,36,0.6897967383368498,0.6898448960076123,0.5413223140495868,0.5409836065573771,0.0,0.0,0.0,0.0,0.0,0.0,0.5,0.5,0.03545093536376953
32,1,0.01,0.01,False,relu,32,300,0.5735034607472311,0.62439096211474,0.6983471074380165,0.6721311475409836,0.7159090909090909,0.7222222222222222,0.5675675675675675,0.4642857142857143,0.6331658291457286,0.5652173913043478,0.7700983426174267,0.7121212121212122,0.28931379318237305
32,1,0.05,0.01,False,relu,32,300,0.5900124106473376,0.6835993792893615,0.7107438016528925,0.6721311475409836,0.6952380952380952,0.7,0.6576576576576577,0.5,0.6759259259259259,0.5833333333333334,0.7762189670586618,0.7115800865800866,0.30106115341186523
32,1,0.1,0.01,False,relu,32,36,0.6897986243863682,0.689846003090352,0.5413223140495868,0.5409836065573771,0.0,0.0,0.0,0.0,0.0,0.0,0.4893060999931229,0.5303030303030303,0.038524627685546875
8,2,0.01,0.01,False,relu,32,300,0.6869585932162621,0.687634253327362,0.5413223140495868,0.5409836065573771,0.0,0.0,0.0,0.0,0.0,0.0,0.7523554088439586,0.696969696969697,0.3773231506347656
8,2,0.05,0.01,False,relu,32,300,0.5815864652441824,0.6450839236272261,0.6859504132231405,0.6721311475409836,0.6966292134831461,0.7222222222222222,0.5585585585585585,0.4642857142857143,0.62,0.5652173913043478,0.7687229213946771,0.70995670995671,0.38126540184020996
8,2,0.1,0.01,False,relu,32,300,0.5708393406112432,0.6365357576467686,0.7148760330578512,0.6885245901639344,0.7019230769230769,0.7142857142857143,0.6576576576576577,0.5357142857142857,0.6790697674418604,0.6122448979591837,0.7713362217179011,0.7164502164502163,0.3655567169189453
16,2,0.01,0.01,False,relu,32,300,0.5852918421896176,0.6316079791002472,0.6859504132231405,0.639344262295082,0.7160493827160493,0.6875,0.5225225225225225,0.39285714285714285,0.6041666666666666,0.5,0.762877381197992,0.7067099567099566,0.4286997318267822
16,2,0.05,0.01,False,relu,32,300,0.5737573300735381,0.632236182499296,0.7231404958677686,0.7049180327868853,0.7156862745098039,0.75,0.6576576576576577,0.5357142857142857,0.6854460093896714,0.625,0.7687916924558146,0.7142857142857143,0.40891575813293457
16,2,0.1,0.01,False,relu,32,300,0.5721311135164712,0.6450077888041491,0.7231404958677686,0.6885245901639344,0.7156862745098039,0.7142857142857143,0.6576576576576577,0.5357142857142857,0.6854460093896714,0.6122448979591837,0.7711986795956262,0.7164502164502166,0.3992593288421631
32,2,0.01,0.01,False,relu,32,300,0.5892330308596749,0.6341684570487277,0.6570247933884298,0.6557377049180327,0.6842105263157895,0.7333333333333333,0.46846846846846846,0.39285714285714285,0.5561497326203209,0.5116279069767442,0.7579946358572313,0.7088744588744589,0.47440075874328613
32,2,0.05,0.01,False,relu,32,268,0.569823697861349,0.6215391223548105,0.7066115702479339,0.7049180327868853,0.6724137931034483,0.7272727272727273,0.7027027027027027,0.5714285714285714,0.6872246696035242,0.64,0.7675538133553401,0.7175324675324675,0.3809349536895752
32,2,0.1,0.01,False,relu,32,300,0.5661782553202764,0.635805699656737,0.7231404958677686,0.6885245901639344,0.7244897959183674,0.7142857142857143,0.6396396396396397,0.5357142857142857,0.6794258373205742,0.6122448979591837,0.7709923664122137,0.7142857142857143,0.4790208339691162
8,1,0.01,0.1,False,relu,32,300,0.5718890108963375,0.6340180547193307,0.7066115702479339,0.6721311475409836,0.7380952380952381,0.7222222222222222,0.5585585585585585,0.4642857142857143,0.6358974358974359,0.5652173913043478,0.7741558352245376,0.7153679653679653,0.26837897300720215
8,1,0.05,0.1,False,relu,32,300,0.5680655715571019,0.6975890274402443,0.7148760330578512,0.6885245901639344,0.7058823529411765,0.7368421052631579,0.6486486486486487,0.5,0.676056338028169,0.5957446808510638,0.7873942644935011,0.7023809523809524,0.2762417793273926
8,1,0.1,0.1,False,relu,32,300,10.387952655962282,9.85571115331382,0.5413223140495868,0.5409836065573771,0.0,0.0,0.0,0.0,0.0,0.0,0.39398940925658477,0.45346320346320346,0.2667531967163086
16,1,0.01,0.1,False,relu,32,300,0.5613559646975108,0.6274994141283814,0.7107438016528925,0.6229508196721312,0.7469879518072289,0.6666666666666666,0.5585585585585585,0.35714285714285715,0.6391752577319587,0.46511627906976744,0.7884602159411319,0.735930735930736,0.27729225158691406
16,1,0.05,0.1,False,relu,32,13,12.310179025475488,12.374103318029462,0.5413223140495868,0.5409836065573771,0.0,0.0,0.0,0.0,0.0,0.0,0.600027508424455,0.6277056277056277,0.013107061386108398
16,1,0.1,0.1,False,relu,32,300,12.214262496829795,12.271814603724007,0.45867768595041325,0.45901639344262296,0.45867768595041325,0.45901639344262296,1.0,1.0,0.6288951841359773,0.6292134831460674,0.589299222887009,0.5259740259740259,0.27834248542785645
32,1,0.01,0.1,False,relu,32,300,10.775171530195173,10.75957841492685,0.45867768595041325,0.45901639344262296,0.45867768595041325,0.45901639344262296,1.0,1.0,0.6288951841359773,0.6292134831460674,0.6241661508837082,0.58008658008658,0.3594684600830078
32,1,0.05,0.1,False,relu,32,300,13.639552532642622,13.500242907276666,0.45867768595041325,0.45901639344262296,0.45867768595041325,0.45901639344262296,1.0,1.0,0.6288951841359773,0.6292134831460674,0.6284643422048002,0.5725108225108224,0.3760106563568115
32,1,0.1,0.1,False,relu,32,87,18.697043202465515,18.68534438929916,0.45867768595041325,0.45901639344262296,0.45867768595041325,0.45901639344262296,1.0,1.0,0.6288951841359773,0.6292134831460674,0.5,0.5,0.10448980331420898
8,2,0.01,0.1,False,relu,32,300,0.5926425888172075,0.6479609864877527,0.7066115702479339,0.6557377049180327,0.7439024390243902,0.7058823529411765,0.5495495495495496,0.42857142857142855,0.6321243523316062,0.5333333333333333,0.7764940513032117,0.7251082251082251,0.4409480094909668
8,2,0.05,0.1,False,relu,32,300,0.5815666833252409,0.6694371589967381,0.6735537190082644,0.639344262295082,0.7051282051282052,0.6875,0.4954954954954955,0.39285714285714285,0.582010582010582,0.5,0.7738119799188501,0.7196969696969697,0.4854259490966797
8,2,0.1,0.1,False,relu,32,300,0.5864590449127716,0.6842216234634699,0.6900826446280992,0.6721311475409836,0.7093023255813954,0.7222222222222222,0.5495495495495496,0.4642857142857143,0.6192893401015228,0.5652173913043478,0.7695481741283269,0.7175324675324676,0.5546643733978271
16,2,0.01,0.1,False,relu,32,300,0.5644896446202616,0.6289739470611392,0.6983471074380165,0.6721311475409836,0.6979166666666666,0.7,0.6036036036036037,0.5,0.6473429951690821,0.5833333333333334,0.7792448937487105,0.7305194805194806,0.5969316959381104
16,2,0.05,0.1,False,relu,32,300,0.5673498086500942,0.6748299047442864,0.6776859504132231,0.6557377049180327,0.7037037037037037,0.7058823529411765,0.5135135135135135,0.42857142857142855,0.59375,0.5333333333333333,0.7884602159411319,0.7196969696969697,0.5450224876403809
16,2,0.1,0.1,False,relu,32,300,0.5793810219687083,0.7037325214400109,0.6735537190082644,0.6557377049180327,0.7051282051282052,0.7058823529411765,0.4954954954954955,0.42857142857142855,0.582010582010582,0.5333333333333333,0.7874974210852074,0.711038961038961,0.5154752731323242
32,2,0.01,0.1,False,relu,32,300,0.5609888951192795,0.6300811476872276,0.7024793388429752,0.6885245901639344,0.7096774193548387,0.7368421052631579,0.5945945945945946,0.5,0.6470588235294118,0.5957446808510638,0.7824083625610343,0.7207792207792207,0.5528316497802734
32,2,0.05,0.1,False,relu,32,300,0.5801175777073118,0.6753568085564181,0.6859504132231405,0.6721311475409836,0.7464788732394366,0.7857142857142857,0.4774774774774775,0.39285714285714285,0.5824175824175825,0.5238095238095238,0.7884602159411319,0.7261904761904762,0.539301872253418
32,2,0.1,0.1,False,relu,32,300,0.5629187727114855,0.6713740216760219,0.6735537190082644,0.6557377049180327,0.7105263157894737,0.7333333333333333,0.4864864864864865,0.39285714285714285,0.5775401069518716,0.5116279069767442,0.7869472525961075,0.6991341991341992,0.5375266075134277
8,1,0.01,0.5,False,relu,32,300,18.502939938741704,18.58983081856034,0.4628099173553719,0.45901639344262296,0.4605809128630705,0.45901639344262296,1.0,1.0,0.6306818181818182,0.6292134831460674,0.43150402310707653,0.47673160173160173,0.32688045501708984
8,1,0.05,0.5,False,relu,32,300,18.49632985689646,18.58019377799885,0.4628099173553719,0.45901639344262296,0.4605809128630705,0.45901639344262296,1.0,1.0,0.6306818181818182,0.6292134831460674,0.43353276941063196,0.4594155844155844,0.3307979106903076
8,1,0.1,0.5,False,relu,32,300,18.48949951500314,18.57261686026529,0.4628099173553719,0.45901639344262296,0.4605809128630705,0.45901639344262296,1.0,1.0,0.6306818181818182,0.6292134831460674,0.43294821539096345,0.47294372294372294,0.34489965438842773
16,1,0.01,0.5,False,relu,32,2,18.697043202465515,18.68534438929916,0.45867768595041325,0.45901639344262296,0.45867768595041325,0.45901639344262296,1.0,1.0,0.6288951841359773,0.6292134831460674,0.5038167938931297,0.5,0.0027174949645996094
16,1,0.05,0.5,False,relu,32,2,18.697043202465515,18.68534438929916,0.45867768595041325,0.45901639344262296,0.45867768595041325,0.45901639344262296,1.0,1.0,0.6288951841359773,0.6292134831460674,0.5038167938931297,0.5,0.0
16,1,0.1,0.5,False,relu,32,2,18.697043202465515,18.68534438929916,0.45867768595041325,0.45901639344262296,0.45867768595041325,0.45901639344262296,1.0,1.0,0.6288951841359773,0.6292134831460674,0.5038167938931297,0.5,0.008533477783203125
32,1,0.01,0.5,False,relu,32,2,18.697043202465515,18.68534438929916,0.45867768595041325,0.45901639344262296,0.45867768595041325,0.45901639344262296,1.0,1.0,0.6288951841359773,0.6292134831460674,0.5,0.5,0.0020122528076171875
32,1,0.05,0.5,False,relu,32,2,18.697043202465515,18.68534438929916,0.45867768595041325,0.45901639344262296,0.45867768595041325,0.45901639344262296,1.0,1.0,0.6288951841359773,0.6292134831460674,0.5,0.5,0.011894702911376953
32,1,0.1,0.5,False,relu,32,2,18.697043202465515,18.68534438929916,0.45867768595041325,0.45901639344262296,0.45867768595041325,0.45901639344262296,1.0,1.0,0.6288951841359773,0.6292134831460674,0.5,0.5,0.00659942626953125
8,2,0.01,0.5,False,relu,32,2,15.842166032376388,15.853864574713098,0.5413223140495868,0.5409836065573771,0.0,0.0,0.0,0.0,0.0,0.0,0.3351901519840451,0.4025974025974026,0.0
8,2,0.05,0.5,False,relu,32,2,15.842166032376388,15.853864574713098,0.5413223140495868,0.5409836065573771,0.0,0.0,0.0,0.0,0.0,0.0,0.3351901519840451,0.4025974025974026,0.0030243396759033203
8,2,0.1,0.5,False,relu,32,2,15.842166032376388,15.853864574713098,0.5413223140495868,0.5409836065573771,0.0,0.0,0.0,0.0,0.0,0.0,0.3351901519840451,0.4025974025974026,0.010210275650024414
16,2,0.01,0.5,False,relu,32,2,15.842166032376388,15.853864574713098,0.5413223140495868,0.5409836065573771,0.0,0.0,0.0,0.0,0.0,0.0,0.5562547280104533,0.6179653679653679,0.01078653335571289
16,2,0.05,0.5,False,relu,32,2,15.842166032376388,15.853864574713098,0.5413223140495868,0.5409836065573771,0.0,0.0,0.0,0.0,0.0,0.0,0.5562547280104533,0.6179653679653679,0.006519317626953125
16,2,0.1,0.5,False,relu,32,2,15.842166032376388,15.853864574713098,0.5413223140495868,0.5409836065573771,0.0,0.0,0.0,0.0,0.0,0.0,0.5562547280104533,0.6179653679653679,0.012786149978637695
32,2,0.01,0.5,False,relu,32,2,15.842166032376388,15.853864574713098,0.5413223140495868,0.5409836065573771,0.0,0.0,0.0,0.0,0.0,0.0,0.3901038443023176,0.44372294372294374,0.002808094024658203
32,2,0.05,0.5,False,relu,32,2,15.842166032376388,15.853864574713098,0.5413223140495868,0.5409836065573771,0.0,0.0,0.0,0.0,0.0,0.0,0.3901038443023176,0.44372294372294374,0.0055332183837890625
32,2,0.1,0.5,False,relu,32,2,15.842166032376388,15.853864574713098,0.5413223140495868,0.5409836065573771,0.0,0.0,0.0,0.0,0.0,0.0,0.3901038443023176,0.44372294372294374,0.005081892013549805
8,1,0.01,0.01,True,sigmoid,32,300,0.6873651571305852,0.6873870991534826,0.5413223140495868,0.5409836065573771,0.0,0.0,0.0,0.0,0.0,0.0,0.9137610893336084,0.9318181818181818,0.371243953704834
8,1,0.05,0.01,True,sigmoid,32,300,0.4285802574494986,0.4050516532597742,0.8471074380165289,0.8852459016393442,0.87,0.8620689655172413,0.7837837837837838,0.8928571428571429,0.8246445497630331,0.8771929824561403,0.9229764115260299,0.9458874458874458,0.3730435371398926
8,1,0.1,0.01,True,sigmoid,32,300,0.34129971563972034,0.31544309321866326,0.859504132231405,0.8360655737704918,0.8737864077669902,0.8461538461538461,0.8108108108108109,0.7857142857142857,0.8411214953271028,0.8148148148148148,0.9325355890241386,0.9523809523809523,0.35664796829223633
16,1,0.01,0.01,True,sigmoid,32,65,0.6895386805743953,0.6895728160633721,0.5413223140495868,0.5409836065573771,0.0,0.0,0.0,0.0,0.0,0.0,0.820576301492332,0.8322510822510822,0.09607195854187012
16,1,0.05,0.01,True,sigmoid,32,300,0.3932895128472209,0.365415018542301,0.8512396694214877,0.8852459016393442,0.8640776699029126,0.8620689655172413,0.8018018018018018,0.8928571428571429,0.8317757009345794,0.8771929824561403,0.9249707722990166,0.949134199134199,0.38432955741882324
16,1,0.1,0.01,True,sigmoid,32,300,0.33387119759771644,0.3055440438773143,0.859504132231405,0.8524590163934426,0.8737864077669902,0.88,0.8108108108108109,0.7857142857142857,0.8411214953271028,0.8301886792452831,0.9332920706966509,0.9523809523809523,0.40289998054504395
32,1,0.01,0.01,True,sigmoid,32,48,0.6895206405395105,0.6895187135440124,0.5413223140495868,0.5409836065573771,0.0,0.0,0.0,0.0,0.0,0.0,0.8009077780070147,0.8625541125541125,0.06936359405517578
32,1,0.05,0.01,True,sigmoid,32,9,0.689521343162637,0.6895218735274884,0.5413223140495868,0.5409836065573771,0.0,0.0,0.0,0.0,0.0,0.0,0.7888040712468194,0.8528138528138528,0.017086029052734375
32,1,0.1,0.01,True,sigmoid,32,13,0.6889232647950482,0.6888568881643785,0.5413223140495868,0.5409836065573771,0.0,0.0,0.0,0.0,0.0,0.0,0.8940925658482911,0.9437229437229436,0.014195680618286133
8,2,0.01,0.01,True,sigmoid,32,65,0.6901416773799861,0.6901783935300516,0.5413223140495868,0.5409836065573771,0.0,0.0,0.0,0.0,0.0,0.0,0.6170827315865482,0.6038961038961038,0.1073145866394043
8,2,0.05,0.01,True,sigmoid,32,25,0.6898044424979749,0.689852294284212,0.5413223140495868,0.5409836065573771,0.0,0.0,0.0,0.0,0.0,0.0,0.6180455264424729,0.6038961038961039,0.04989480972290039
8,2,0.1,0.01,True,sigmoid,32,30,0.6897273344511198,0.6897838816665819,0.5413223140495868,0.5409836065573771,0.0,0.0,0.0,0.0,0.0,0.0,0.6375077367443779,0.6266233766233766,0.05216813087463379
16,2,0.01,0.01,True,sigmoid,32,55,0.689873286696719,0.6899177904414964,0.5413223140495868,0.5409836065573771,0.0,0.0,0.0,0.0,0.0,0.0,0.3114641358916168,0.2435064935064935,0.11294150352478027
16,2,0.05,0.01,True,sigmoid,32,24,0.6897368765322631,0.6897902717626423,0.5413223140495868,0.5409836065573771,0.0,0.0,0.0,0.0,0.0,0.0,0.30685647479540606,0.23917748917748916,0.04700493812561035
16,2,0.1,0.01,True,sigmoid,32,23,0.6897293410890378,0.6897855191669241,0.5413223140495868,0.5409836065573771,0.0,0.0,0.0,0.0,0.0,0.0,0.3203356027783509,0.2564935064935065,0.052379608154296875
32,2,0.01,0.01,True,sigmoid,32,36,0.689784212312266,0.6898332786991874,0.5413223140495868,0.5409836065573771,0.0,0.0,0.0,0.0,0.0,0.0,0.218073034866928,0.1948051948051948,0.08307838439941406
32,2,0.05,0.01,True,sigmoid,32,20,0.6897363275742697,0.6897942012591356,0.5413223140495868,0.5409836065573771,0.0,0.0,0.0,0.0,0.0,0.0,0.21429062650436695,0.1926406926406926,0.04044079780578613
32,2,0.1,0.01,True,sigmoid,32,16,0.6897426799679043,0.6898016503654605,0.5413223140495868,0.5409836065573771,0.0,0.0,0.0,0.0,0.0,0.0,0.21958599821195243,0.20021645021645018,0.03592658042907715
8,1,0.01,0.1,True,sigmoid,32,300,0.640720580244577,0.6352963758740694,0.6983471074380165,0.7377049180327869,0.9318181818181818,1.0,0.36936936936936937,0.42857142857142855,0.5290322580645161,0.6,0.8927171446255415,0.9188311688311688,0.38741111755371094
8,1,0.05,0.1,True,sigmoid,32,300,0.37702590290067994,0.35227843211052473,0.8553719008264463,0.8524590163934426,0.8584905660377359,0.8518518518518519,0.8198198198198198,0.8214285714285714,0.8387096774193549,0.8363636363636363,0.9272402173165532,0.949134199134199,0.37148070335388184
8,1,0.1,0.1,True,sigmoid,32,300,0.33429586731814837,0.3121827588153587,0.8636363636363636,0.8688524590163934,0.875,0.8846153846153846,0.8198198198198198,0.8214285714285714,0.8465116279069768,0.8518518518518519,0.933154528574376,0.946969696969697,0.3754251003265381
16,1,0.01,0.1,True,sigmoid,32,300,0.5844233363307122,0.581624369842275,0.8140495867768595,0.819672131147541,0.9024390243902439,0.9473684210526315,0.6666666666666666,0.6428571428571429,0.7668393782383419,0.7659574468085106,0.9117667285606217,0.9404761904761905,0.4252340793609619
16,1,0.05,0.1,True,sigmoid,32,300,0.3571865614684737,0.32644628294727546,0.8553719008264463,0.8524590163934426,0.8653846153846154,0.8275862068965517,0.8108108108108109,0.8571428571428571,0.8372093023255814,0.8421052631578947,0.9283405542947528,0.9523809523809523,0.3962564468383789
16,1,0.1,0.1,True,sigmoid,32,300,0.32861118536423184,0.30429052740654894,0.8636363636363636,0.8524590163934426,0.875,0.88,0.8198198198198198,0.7857142857142857,0.8465116279069768,0.8301886792452831,0.9338422391857507,0.946969696969697,0.42093610763549805
32,1,0.01,0.1,True,sigmoid,32,300,0.5481470399870312,0.5300422977790079,0.8347107438016529,0.8524590163934426,0.9080459770114943,0.88,0.7117117117117117,0.7857142857142857,0.797979797979798,0.8301886792452831,0.9089471150539854,0.9502164502164502,0.45708537101745605
32,1,0.05,0.1,True,sigmoid,32,300,0.350093522428908,0.30867358832018277,0.8512396694214877,0.8852459016393442,0.8640776699029126,0.8888888888888888,0.8018018018018018,0.8571428571428571,0.8317757009345794,0.8727272727272727,0.9284780964170277,0.9567099567099566,0.45664215087890625
32,1,0.1,0.1,True,sigmoid,32,300,0.3262814442392882,0.28836274170849807,0.8677685950413223,0.8688524590163934,0.8910891089108911,0.8846153846153846,0.8108108108108109,0.8214285714285714,0.8490566037735849,0.8518518518518519,0.9324668179630011,0.9523809523809523,0.44067931175231934
8,2,0.01,0.1,True,sigmoid,32,20,0.6894911164894528,0.6895964465157409,0.5413223140495868,0.5409836065573771,0.0,0.0,0.0,0.0,0.0,0.0,0.6591706210026822,0.6255411255411256,0.03699946403503418
8,2,0.05,0.1,True,sigmoid,32,300,0.6850198673604087,0.6845792254359042,0.5413223140495868,0.5409836065573771,0.0,0.0,0.0,0.0,0.0,0.0,0.8722921394677121,0.8863636363636364,0.5372326374053955
8,2,0.1,0.1,True,sigmoid,32,300,0.6351610306875092,0.630710871194419,0.7107438016528925,0.7377049180327869,0.9767441860465116,1.0,0.3783783783783784,0.42857142857142855,0.5454545454545454,0.6,0.9098411388487724,0.922077922077922,0.4927701950073242
16,2,0.01,0.1,True,sigmoid,32,81,0.6896915019802188,0.6896659601890667,0.5413223140495868,0.5409836065573771,0.0,0.0,0.0,0.0,0.0,0.0,0.5262361598239462,0.538961038961039,0.1680924892425537
16,2,0.05,0.1,True,sigmoid,32,20,0.6896115645593126,0.6895798777673435,0.5413223140495868,0.5409836065573771,0.0,0.0,0.0,0.0,0.0,0.0,0.5444604910253766,0.5649350649350648,0.03996014595031738
16,2,0.1,0.1,True,sigmoid,32,70,0.6872043279557167,0.6869608429443558,0.5413223140495868,0.5409836065573771,0.0,0.0,0.0,0.0,0.0,0.0,0.8232583728766933,0.8906926406926408,0.13022232055664062
32,2,0.01,0.1,True,sigmoid,32,300,0.6885979100999883,0.688933022096114,0.5413223140495868,0.5409836065573771,0.0,0.0,0.0,0.0,0.0,0.0,0.6734062306581391,0.6158008658008658,0.7360553741455078
32,2,0.05,0.1,True,sigmoid,32,300,0.6618527342693941,0.6597932086433547,0.5454545454545454,0.5409836065573771,1.0,0.0,0.009009009009009009,0.0,0.017857142857142856,0.0,0.9041331407743621,0.9242424242424242,0.6913783550262451
32,2,0.1,0.1,True,sigmoid,32,300,0.3983455703969297,0.3660819204046303,0.8471074380165289,0.8852459016393442,0.8557692307692307,0.8620689655172413,0.8018018018018018,0.8928571428571429,0.827906976744186,0.8771929824561403,0.9219448456089677,0.9502164502164502,0.7612366676330566
8,1,0.01,0.5,True,sigmoid,32,300,0.5682338229806928,0.558517413289895,0.756198347107438,0.7704918032786885,0.776595744680851,0.7692307692307693,0.6576576576576577,0.7142857142857143,0.7121951219512195,0.7407407407407407,0.8421704146894987,0.8517316017316018,0.3722367286682129
8,1,0.05,0.5,True,sigmoid,32,300,0.40275698752471745,0.404878944360917,0.8347107438016529,0.8524590163934426,0.8380952380952381,0.8518518518518519,0.7927927927927928,0.8214285714285714,0.8148148148148148,0.8363636363636363,0.9089471150539852,0.9069264069264069,0.3628208637237549
8,1,0.1,0.5,True,sigmoid,32,300,0.34912135199521516,0.36308799393220265,0.859504132231405,0.8524590163934426,0.8598130841121495,0.8518518518518519,0.8288288288288288,0.8214285714285714,0.8440366972477065,0.8363636363636363,0.9284093253558902,0.9242424242424243,0.3970456123352051
16,1,0.01,0.5,True,sigmoid,32,300,0.47650252156788336,0.4562886460898682,0.8057851239669421,0.8524590163934426,0.8404255319148937,0.88,0.7117117117117117,0.7857142857142857,0.7707317073170732,0.8301886792452831,0.8804758957430713,0.9134199134199134,0.3960278034210205
16,1,0.05,0.5,True,sigmoid,32,300,0.3662831731058923,0.33238355559134386,0.859504132231405,0.8360655737704918,0.8666666666666667,0.8,0.8198198198198198,0.8571428571428571,0.8425925925925926,0.8275862068965517,0.9210508218141806,0.9448051948051948,0.44402647018432617
16,1,0.1,0.5,True,sigmoid,32,300,0.3285246915735354,0.3154690874575949,0.859504132231405,0.8524590163934426,0.8666666666666667,0.8275862068965517,0.8198198198198198,0.8571428571428571,0.8425925925925926,0.8421052631578947,0.9359053710198749,0.9458874458874459,0.4206080436706543
32,1,0.01,0.5,True,sigmoid,32,300,0.4399920054091056,0.3789970795319836,0.8264462809917356,0.8852459016393442,0.8415841584158416,0.92,0.7657657657657657,0.8214285714285714,0.8018867924528302,0.8679245283018868,0.8874905439790935,0.9220779220779222,0.4674086570739746
32,1,0.05,0.5,True,sigmoid,32,300,0.3367158249458574,0.2904720377244641,0.8801652892561983,0.8852459016393442,0.91,0.92,0.8198198198198198,0.8214285714285714,0.8625592417061612,0.8679245283018868,0.9323292758407263,0.9523809523809523,0.46450090408325195
32,1,0.1,0.5,True,sigmoid,32,300,0.3025411605590115,0.28744620028158335,0.8884297520661157,0.8688524590163934,0.9038461538461539,0.9166666666666666,0.8468468468468469,0.7857142857142857,0.8744186046511628,0.8461538461538461,0.9454645485179837,0.9534632034632035,0.46034908294677734
8,2,0.01,0.5,True,sigmoid,32,300,0.6246040666606981,0.6165850515955507,0.7355371900826446,0.7213114754098361,0.7901234567901234,0.7894736842105263,0.5765765765765766,0.5357142857142857,0.6666666666666666,0.6382978723404256,0.8133553400728973,0.827922077922078,0.5224969387054443
8,2,0.05,0.5,True,sigmoid,32,300,0.45700624926192,0.4477021181955102,0.8223140495867769,0.8360655737704918,0.8035714285714286,0.8214285714285714,0.8108108108108109,0.8214285714285714,0.8071748878923767,0.8214285714285714,0.8848772436558697,0.8852813852813853,0.48654723167419434
8,2,0.1,0.5,True,sigmoid,32,300,0.38544692768146044,0.3916523619067417,0.8471074380165289,0.8524590163934426,0.8363636363636363,0.8518518518518519,0.8288288288288288,0.8214285714285714,0.832579185520362,0.8363636363636363,0.9095660546042226,0.9015151515151515,0.5181891918182373
16,2,0.01,0.5,True,sigmoid,32,300,0.6151383005623279,0.6038074159053932,0.7231404958677686,0.7704918032786885,0.7340425531914894,0.7692307692307693,0.6216216216216216,0.7142857142857143,0.6731707317073171,0.7407407407407407,0.7783508699539234,0.8322510822510822,0.579890251159668
16,2,0.05,0.5,True,sigmoid,32,300,0.4183049042191424,0.36901182511767106,0.8305785123966942,0.8524590163934426,0.8181818181818182,0.8064516129032258,0.8108108108108109,0.8928571428571429,0.8144796380090498,0.847457627118644,0.9037892854686748,0.9404761904761905,0.6209514141082764
16,2,0.1,0.5,True,sigmoid,32,300,0.3630714071008511,0.3080822930641968,0.8429752066115702,0.8688524590163934,0.8288288288288288,0.8125,0.8288288288288288,0.9285714285714286,0.8288288288288288,0.8666666666666667,0.9229076404648924,0.9512987012987013,0.6102139949798584
32,2,0.01,0.5,True,sigmoid,32,300,0.5831725012382801,0.5916345443767015,0.7520661157024794,0.8032786885245902,0.7802197802197802,0.7857142857142857,0.6396396396396397,0.7857142857142857,0.7029702970297029,0.7857142857142857,0.8185819407193453,0.827922077922078,0.6494603157043457
32,2,0.05,0.5,True,sigmoid,32,300,0.37998753633473564,0.35354060700934,0.8512396694214877,0.8852459016393442,0.8640776699029126,0.8387096774193549,0.8018018018018018,0.9285714285714286,0.8317757009345794,0.8813559322033898,0.9220136166701053,0.9350649350649349,0.6442716121673584
32,2,0.1,0.5,True,sigmoid,32,300,0.32385369639755407,0.30798608199304145,0.871900826446281,0.8688524590163934,0.8703703703703703,0.8571428571428571,0.8468468468468469,0.8571428571428571,0.8584474885844748,0.8571428571428571,0.9378309607317241,0.9437229437229436,0.6625685691833496
8,1,0.01,0.01,False,sigmoid,32,300,0.6263847303178726,0.6424576164545659,0.6859504132231405,0.639344262295082,0.7215189873417721,0.6875,0.5135135135135135,0.39285714285714285,0.6,0.5,0.7631524654425417,0.7045454545454545,0.3592662811279297
8,1,0.05,0.01,False,sigmoid,32,300,0.5831299073215822,0.6379847493114865,0.7107438016528925,0.6885245901639344,0.7029702970297029,0.7368421052631579,0.6396396396396397,0.5,0.6698113207547169,0.5957446808510638,0.7645966577264287,0.7045454545454546,0.37642621994018555
8,1,0.1,0.01,False,sigmoid,32,300,0.6158716176170242,0.6605130930641915,0.6198347107438017,0.639344262295082,0.6862745098039216,0.8,0.3153153153153153,0.2857142857142857,0.43209876543209874,0.42105263157894735,0.7573069252458566,0.7175324675324676,0.35278868675231934
16,1,0.01,0.01,False,sigmoid,32,300,0.6045963710727765,0.6283464340478101,0.6942148760330579,0.6721311475409836,0.7176470588235294,0.7222222222222222,0.5495495495495496,0.4642857142857143,0.6224489795918368,0.5652173913043478,0.7645966577264287,0.7099567099567099,0.39597249031066895
16,1,0.05,0.01,False,sigmoid,32,300,0.5827105942513688,0.6332252321179905,0.7107438016528925,0.6557377049180327,0.7204301075268817,0.7058823529411765,0.6036036036036037,0.42857142857142855,0.6568627450980392,0.5333333333333333,0.7651468262155284,0.711038961038961,0.38004469871520996
16,1,0.1,0.01,False,sigmoid,32,300,0.5726711018426461,0.6130685020500556,0.71900826446281,0.7049180327868853,0.6869565217391305,0.7272727272727273,0.7117117117117117,0.5714285714285714,0.6991150442477876,0.64,0.7579946358572314,0.711038961038961,0.39251232147216797
32,1,0.01,0.01,False,sigmoid,32,300,0.5970878937265399,0.6273061645460364,0.6859504132231405,0.6721311475409836,0.7058823529411765,0.7222222222222222,0.5405405405405406,0.4642857142857143,0.6122448979591837,0.5652173913043478,0.7659033078880408,0.711038961038961,0.43569397926330566
32,1,0.05,0.01,False,sigmoid,32,300,0.5807356167003882,0.6468758767444819,0.7024793388429752,0.6721311475409836,0.7096774193548387,0.7222222222222222,0.5945945945945946,0.4642857142857143,0.6470588235294118,0.5652173913043478,0.7685166082112647,0.7056277056277057,0.3957793712615967
32,1,0.1,0.01,False,sigmoid,32,300,0.5836297601797513,0.6263796670080632,0.6487603305785123,0.6557377049180327,0.6857142857142857,0.7333333333333333,0.43243243243243246,0.39285714285714285,0.5303867403314917,0.5116279069767442,0.7587511175297436,0.7186147186147186,0.4254317283630371
8,2,0.01,0.01,False,sigmoid,32,65,0.6901464109047662,0.6901841463618077,0.5413223140495868,0.5409836065573771,0.0,0.0,0.0,0.0,0.0,0.0,0.40306718932673136,0.36580086580086585,0.11051273345947266
8,2,0.05,0.01,False,sigmoid,32,25,0.6898068531177547,0.689856518795312,0.5413223140495868,0.5409836065573771,0.0,0.0,0.0,0.0,0.0,0.0,0.45485179836324874,0.40584415584415584,0.05272960662841797
8,2,0.1,0.01,False,sigmoid,32,24,0.6897302238604657,0.689787707930475,0.5413223140495868,0.5409836065573771,0.0,0.0,0.0,0.0,0.0,0.0,0.5344199160993054,0.4502164502164502,0.0473020076751709
16,2,0.01,0.01,False,sigmoid,32,55,0.6898757668612658,0.6899181763988887,0.5413223140495868,0.5409836065573771,0.0,0.0,0.0,0.0,0.0,0.0,0.4016229970428444,0.4816017316017316,0.09804606437683105
16,2,0.05,0.01,False,sigmoid,32,24,0.6897379658684221,0.6897889768828784,0.5413223140495868,0.5409836065573771,0.0,0.0,0.0,0.0,0.0,0.0,0.4209476652224744,0.48917748917748916,0.055197954177856445
16,2,0.1,0.01,False,sigmoid,32,23,0.6897277289509663,0.689782043499525,0.5413223140495868,0.5409836065573771,0.0,0.0,0.0,0.0,0.0,0.0,0.5122068633519015,0.5757575757575757,0.045889854431152344
32,2,0.01,0.01,False,sigmoid,32,36,0.689791386491796,0.6898376939728681,0.5413223140495868,0.5409836065573771,0.0,0.0,0.0,0.0,0.0,0.0,0.29152052816174956,0.32792207792207795,0.0791935920715332
32,2,0.05,0.01,False,sigmoid,32,19,0.6897411422748223,0.6897931928631499,0.5413223140495868,0.5409836065573771,0.0,0.0,0.0,0.0,0.0,0.0,0.29495908121862324,0.3181818181818181,0.047742366790771484
32,2,0.1,0.01,False,sigmoid,32,16,0.6897431020659366,0.6898018175750906,0.5413223140495868,0.5409836065573771,0.0,0.0,0.0,0.0,0.0,0.0,0.33642803108451963,0.34848484848484845,0.0418705940246582
8,1,0.01,0.1,False,sigmoid,32,300,0.661244831503958,0.6684375045853717,0.6528925619834711,0.6229508196721312,0.7288135593220338,0.7272727272727273,0.38738738738738737,0.2857142857142857,0.5058823529411764,0.41025641025641024,0.7287669348738051,0.6688311688311688,0.34955906867980957
8,1,0.05,0.1,False,sigmoid,32,300,0.6203205316990208,0.6285165617276696,0.640495867768595,0.6557377049180327,0.7068965517241379,0.8181818181818182,0.36936936936936937,0.32142857142857145,0.48520710059171596,0.46153846153846156,0.7577195516126813,0.7132034632034632,0.3471817970275879
8,1,0.1,0.1,False,sigmoid,32,178,0.6740532225773517,0.6832956362602707,0.5537190082644629,0.5573770491803278,0.5070422535211268,0.5098039215686274,0.972972972972973,0.9285714285714286,0.6666666666666666,0.6582278481012658,0.731517777319304,0.6807359307359306,0.20600128173828125
16,1,0.01,0.1,False,sigmoid,32,300,0.6201001767352781,0.6342083697694076,0.6652892561983471,0.639344262295082,0.7272727272727273,0.75,0.43243243243243246,0.32142857142857145,0.5423728813559322,0.45,0.7761501959975243,0.7413419913419913,0.3949854373931885
16,1,0.05,0.1,False,sigmoid,32,300,0.601299214975171,0.6205050956957251,0.6528925619834711,0.639344262295082,0.7213114754098361,0.75,0.3963963963963964,0.32142857142857145,0.5116279069767442,0.45,0.7657657657657658,0.7175324675324676,0.39760756492614746
16,1,0.1,0.1,False,sigmoid,32,300,0.5774199030688012,0.6142943326238055,0.7066115702479339,0.7049180327868853,0.6851851851851852,0.7272727272727273,0.6666666666666666,0.5714285714285714,0.6757990867579908,0.64,0.7573069252458565,0.7045454545454546,0.3693504333496094
32,1,0.01,0.1,False,sigmoid,32,300,0.5927062344600874,0.6263072616244064,0.7066115702479339,0.6721311475409836,0.7272727272727273,0.7222222222222222,0.5765765765765766,0.4642857142857143,0.6432160804020101,0.5652173913043478,0.7759438828141118,0.7175324675324675,0.4252595901489258
32,1,0.05,0.1,False,sigmoid,32,300,0.5844313536678157,0.6208053495848365,0.6900826446280992,0.6885245901639344,0.68,0.7368421052631579,0.6126126126126126,0.5,0.6445497630331753,0.5957446808510638,0.7497421085207344,0.7153679653679654,0.38822054862976074
32,1,0.1,0.1,False,sigmoid,32,300,0.5898642077201219,0.647275530199198,0.6652892561983471,0.639344262295082,0.7027027027027027,0.7142857142857143,0.46846846846846846,0.35714285714285715,0.5621621621621622,0.47619047619047616,0.7610893336084176,0.712121212121212,0.4330432415008545
8,2,0.01,0.1,False,sigmoid,32,20,0.6895881872967152,0.6900191234773616,0.5413223140495868,0.5409836065573771,0.0,0.0,0.0,0.0,0.0,0.0,0.5862732961969603,0.524891774891775,0.03176593780517578
8,2,0.05,0.1,False,sigmoid,32,15,0.6894203969569974,0.6897492131030313,0.5413223140495868,0.5409836065573771,0.0,0.0,0.0,0.0,0.0,0.0,0.5954886183893817,0.538961038961039,0.029783248901367188
8,2,0.1,0.1,False,sigmoid,32,21,0.6893076735802806,0.689636964678233,0.5413223140495868,0.5409836065573771,0.0,0.0,0.0,0.0,0.0,0.0,0.6068358434770649,0.5627705627705627,0.03905367851257324
16,2,0.01,0.1,False,sigmoid,32,81,0.6891722421865887,0.6894113764349897,0.5413223140495868,0.5409836065573771,0.0,0.0,0.0,0.0,0.0,0.0,0.7053160030259267,0.6666666666666667,0.15145468711853027
16,2,0.05,0.1,False,sigmoid,32,129,0.6873373179281158,0.6881680304751709,0.5413223140495868,0.5409836065573771,0.0,0.0,0.0,0.0,0.0,0.0,0.7295234165463172,0.6688311688311688,0.25118303298950195
16,2,0.1,0.1,False,sigmoid,32,300,0.6397906662725096,0.6558846980026084,0.6735537190082644,0.6065573770491803,0.7857142857142857,0.75,0.3963963963963964,0.21428571428571427,0.5269461077844312,0.3333333333333333,0.7732618114297504,0.7045454545454546,0.5709934234619141
32,2,0.01,0.1,False,sigmoid,32,300,0.6859434012717796,0.6874742882256212,0.5413223140495868,0.5409836065573771,0.0,0.0,0.0,0.0,0.0,0.0,0.7395639914723884,0.6666666666666666,0.68109130859375
32,2,0.05,0.1,False,sigmoid,32,300,0.6490255561064179,0.6587058131012481,0.6611570247933884,0.6229508196721312,0.7230769230769231,0.6923076923076923,0.42342342342342343,0.32142857142857145,0.5340909090909091,0.43902439024390244,0.7671411869885151,0.7045454545454545,0.6417596340179443
32,2,0.1,0.1,False,sigmoid,32,28,0.686466827813597,0.6878841840646176,0.5413223140495868,0.5409836065573771,0.0,0.0,0.0,0.0,0.0,0.0,0.740389244206038,0.6612554112554112,0.0663766860961914
8,1,0.01,0.5,False,sigmoid,32,289,0.6714624021229919,0.7016666443506465,0.6239669421487604,0.5081967213114754,0.6851851851851852,0.375,0.3333333333333333,0.10714285714285714,0.4484848484848485,0.16666666666666666,0.6236503679251771,0.5427489177489178,0.33394598960876465
8,1,0.05,0.5,False,sigmoid,32,138,0.663771615599863,0.6901676440701717,0.640495867768595,0.5573770491803278,0.7608695652173914,0.6,0.3153153153153153,0.10714285714285714,0.445859872611465,0.18181818181818182,0.6389519290282648,0.5589826839826839,0.15827250480651855
8,1,0.1,0.5,False,sigmoid,32,300,0.6433684479896333,0.6696299411936185,0.6528925619834711,0.6065573770491803,0.7288135593220338,0.75,0.38738738738738737,0.21428571428571427,0.5058823529411764,0.3333333333333333,0.6902207551062512,0.6547619047619048,0.35433006286621094
16,1,0.01,0.5,False,sigmoid,32,300,0.634774149305679,0.654882119436633,0.6487603305785123,0.5573770491803278,0.6857142857142857,0.5454545454545454,0.43243243243243246,0.21428571428571427,0.5303867403314917,0.3076923076923077,0.7707172821676639,0.7088744588744589,0.3836820125579834
16,1,0.05,0.5,False,sigmoid,32,300,0.5982809323838902,0.6201477101562368,0.6735537190082644,0.639344262295082,0.6428571428571429,0.6363636363636364,0.6486486486486487,0.5,0.6457399103139013,0.56,0.7669348738051028,0.7337662337662337,0.37940335273742676
16,1,0.1,0.5,False,sigmoid,32,300,0.6111749144807993,0.6635450890074529,0.6859504132231405,0.6229508196721312,0.7160493827160493,0.6666666666666666,0.5225225225225225,0.35714285714285715,0.6041666666666666,0.46511627906976744,0.7585104188157623,0.7007575757575758,0.40012192726135254
32,1,0.01,0.5,False,sigmoid,32,300,0.5982441226573596,0.6844389545337478,0.6776859504132231,0.6065573770491803,0.7142857142857143,0.6428571428571429,0.4954954954954955,0.32142857142857145,0.5851063829787234,0.42857142857142855,0.7355064988652775,0.5898268398268398,0.4293100833892822
32,1,0.05,0.5,False,sigmoid,32,300,0.5831968819729605,0.6468284345079112,0.6818181818181818,0.5901639344262295,0.717948717948718,0.6363636363636364,0.5045045045045045,0.25,0.5925925925925926,0.358974358974359,0.7775943882814113,0.7088744588744589,0.425551176071167
32,1,0.1,0.5,False,sigmoid,32,300,0.6089388029993626,0.6799294322576339,0.6487603305785123,0.5573770491803278,0.6857142857142857,0.5384615384615384,0.43243243243243246,0.25,0.5303867403314917,0.34146341463414637,0.7366756069046145,0.6190476190476191,0.47762393951416016
8,2,0.01,0.5,False,sigmoid,32,300,0.6853695404819629,0.6947898791824623,0.5413223140495868,0.5409836065573771,0.0,0.0,0.0,0.0,0.0,0.0,0.5948009077780071,0.5205627705627706,0.48982739448547363
8,2,0.05,0.5,False,sigmoid,32,300,0.6779379259811643,0.6949467393540055,0.6239669421487604,0.5245901639344263,0.6923076923076923,0.42857142857142855,0.32432432432432434,0.10714285714285714,0.44171779141104295,0.17142857142857143,0.6242349219448455,0.5524891774891775,0.5610122680664062
8,2,0.1,0.5,False,sigmoid,32,48,0.6843345270373865,0.6948222107188391,0.5413223140495868,0.5409836065573771,0.0,0.0,0.0,0.0,0.0,0.0,0.5997524241799052,0.5357142857142858,0.08995938301086426
16,2,0.01,0.5,False,sigmoid,32,300,0.6820863514466574,0.6867453583584051,0.5413223140495868,0.5409836065573771,0.0,0.0,0.0,0.0,0.0,0.0,0.610721408431332,0.5703463203463204,0.5850310325622559
16,2,0.05,0.5,False,sigmoid,32,83,0.6810454753569355,0.6862826883065859,0.5413223140495868,0.5409836065573771,0.0,0.0,0.0,0.0,0.0,0.0,0.6097929991059762,0.5714285714285714,0.180678129196167
16,2,0.1,0.5,False,sigmoid,32,15,0.6838536906542526,0.6872468982564678,0.5413223140495868,0.5409836065573771,0.0,0.0,0.0,0.0,0.0,0.0,0.6037411457258786,0.5627705627705628,0.032378435134887695
32,2,0.01,0.5,False,sigmoid,32,300,0.6474907828903537,0.6724917189243442,0.6487603305785123,0.5409836065573771,0.75,0.5,0.35135135135135137,0.21428571428571427,0.4785276073619632,0.3,0.7333058249088784,0.6417748917748918,0.5963079929351807
32,2,0.05,0.5,False,sigmoid,32,300,0.588396514475988,0.6509506070710845,0.7024793388429752,0.6721311475409836,0.6822429906542056,0.6818181818181818,0.6576576576576577,0.5357142857142857,0.6697247706422018,0.6,0.7670036448662402,0.672077922077922,0.6716804504394531
32,2,0.1,0.5,False,sigmoid,32,300,0.6063016539104913,0.6626828391944807,0.6611570247933884,0.5901639344262295,0.8222222222222222,0.6666666666666666,0.3333333333333333,0.21428571428571427,0.47435897435897434,0.32432432432432434,0.7488480847259472,0.6461038961038961,0.7028474807739258
8,1,0.01,0.01,True,"(<function grid_search_and_save.<locals>.<lambda> at 0x000001660E5339C0>, <function grid_search_and_save.<locals>.<lambda> at 0x000001660E533A60>)",32,300,0.5608121289398666,0.550756976120337,0.8429752066115702,0.8688524590163934,0.8613861386138614,0.8571428571428571,0.7837837837837838,0.8571428571428571,0.8207547169811321,0.8571428571428571,0.9209820507530432,0.9469696969696969,0.3100705146789551
8,1,0.05,0.01,True,"(<function grid_search_and_save.<locals>.<lambda> at 0x000001660E5339C0>, <function grid_search_and_save.<locals>.<lambda> at 0x000001660E533A60>)",32,300,0.32392456879445475,0.2970294050699564,0.8760330578512396,0.8524590163934426,0.900990099009901,0.8518518518518519,0.8198198198198198,0.8214285714285714,0.8584905660377359,0.8363636363636363,0.9337046970634758,0.9534632034632035,0.3701949119567871
8,1,0.1,0.01,True,"(<function grid_search_and_save.<locals>.<lambda> at 0x000001660E5339C0>, <function grid_search_and_save.<locals>.<lambda> at 0x000001660E533A60>)",32,300,0.30753519015004455,0.2712848658140464,0.9008264462809917,0.9016393442622951,0.9065420560747663,0.9230769230769231,0.8738738738738738,0.8571428571428571,0.8899082568807339,0.8888888888888888,0.936936936936937,0.9534632034632035,0.3733835220336914
16,1,0.01,0.01,True,"(<function grid_search_and_save.<locals>.<lambda> at 0x000001660E5339C0>, <function grid_search_and_save.<locals>.<lambda> at 0x000001660E533A60>)",32,300,0.48192123712018253,0.4652846309826634,0.8429752066115702,0.8852459016393442,0.8543689320388349,0.8620689655172413,0.7927927927927928,0.8928571428571429,0.822429906542056,0.8771929824561403,0.9221511587923802,0.949134199134199,0.37125682830810547
16,1,0.05,0.01,True,"(<function grid_search_and_save.<locals>.<lambda> at 0x000001660E5339C0>, <function grid_search_and_save.<locals>.<lambda> at 0x000001660E533A60>)",32,300,0.31899963774268175,0.2907989021946677,0.8760330578512396,0.8524590163934426,0.900990099009901,0.88,0.8198198198198198,0.7857142857142857,0.8584905660377359,0.8301886792452831,0.9345299497971253,0.9502164502164502,0.37294983863830566
16,1,0.1,0.01,True,"(<function grid_search_and_save.<locals>.<lambda> at 0x000001660E5339C0>, <function grid_search_and_save.<locals>.<lambda> at 0x000001660E533A60>)",32,300,0.30820635958022746,0.27027003310261105,0.8884297520661157,0.8852459016393442,0.9038461538461539,0.92,0.8468468468468469,0.8214285714285714,0.8744186046511628,0.8679245283018868,0.9375558764871742,0.9545454545454545,0.35110902786254883
32,1,0.01,0.01,True,"(<function grid_search_and_save.<locals>.<lambda> at 0x000001660E5339C0>, <function grid_search_and_save.<locals>.<lambda> at 0x000001660E533A60>)",32,300,0.4507825742845044,0.42760904879231937,0.8471074380165289,0.8852459016393442,0.8557692307692307,0.8620689655172413,0.8018018018018018,0.8928571428571429,0.827906976744186,0.8771929824561403,0.92270132728148,0.9502164502164502,0.37290382385253906
32,1,0.05,0.01,True,"(<function grid_search_and_save.<locals>.<lambda> at 0x000001660E5339C0>, <function grid_search_and_save.<locals>.<lambda> at 0x000001660E533A60>)",32,300,0.3181304360383925,0.28560490575771313,0.871900826446281,0.8688524590163934,0.8921568627450981,0.8846153846153846,0.8198198198198198,0.8214285714285714,0.8544600938967136,0.8518518518518519,0.9348050340416753,0.9534632034632036,0.39596104621887207
32,1,0.1,0.01,True,"(<function grid_search_and_save.<locals>.<lambda> at 0x000001660E5339C0>, <function grid_search_and_save.<locals>.<lambda> at 0x000001660E533A60>)",32,212,0.3131149625250173,0.27711264107399136,0.8884297520661157,0.8852459016393442,0.9038461538461539,0.92,0.8468468468468469,0.8214285714285714,0.8744186046511628,0.8679245283018868,0.9362492263255623,0.9523809523809524,0.2375953197479248
8,2,0.01,0.01,True,"(<function grid_search_and_save.<locals>.<lambda> at 0x000001660E5339C0>, <function grid_search_and_save.<locals>.<lambda> at 0x000001660E533A60>)",32,213,0.6901292816245814,0.6901653888806819,0.5413223140495868,0.5409836065573771,0.0,0.0,0.0,0.0,0.0,0.0,0.7804827728491851,0.7662337662337663,0.3638644218444824
8,2,0.05,0.01,True,"(<function grid_search_and_save.<locals>.<lambda> at 0x000001660E5339C0>, <function grid_search_and_save.<locals>.<lambda> at 0x000001660E533A60>)",32,67,0.6898580890360055,0.6899010850627632,0.5413223140495868,0.5409836065573771,0.0,0.0,0.0,0.0,0.0,0.0,0.8134928821951722,0.8041125541125541,0.1142275333404541
8,2,0.1,0.01,True,"(<function grid_search_and_save.<locals>.<lambda> at 0x000001660E5339C0>, <function grid_search_and_save.<locals>.<lambda> at 0x000001660E533A60>)",32,37,0.6897764909781857,0.6898229065189837,0.5413223140495868,0.5409836065573771,0.0,0.0,0.0,0.0,0.0,0.0,0.8205763014923321,0.816017316017316,0.06667685508728027
16,2,0.01,0.01,True,"(<function grid_search_and_save.<locals>.<lambda> at 0x000001660E5339C0>, <function grid_search_and_save.<locals>.<lambda> at 0x000001660E533A60>)",32,213,0.6901263109386624,0.6901601677418104,0.5413223140495868,0.5409836065573771,0.0,0.0,0.0,0.0,0.0,0.0,0.7161130596245101,0.7824675324675324,0.3529386520385742
16,2,0.05,0.01,True,"(<function grid_search_and_save.<locals>.<lambda> at 0x000001660E5339C0>, <function grid_search_and_save.<locals>.<lambda> at 0x000001660E533A60>)",32,67,0.68984749536617,0.6898881429759878,0.5413223140495868,0.5409836065573771,0.0,0.0,0.0,0.0,0.0,0.0,0.7919675400591429,0.8636363636363636,0.12126851081848145
16,2,0.1,0.01,True,"(<function grid_search_and_save.<locals>.<lambda> at 0x000001660E5339C0>, <function grid_search_and_save.<locals>.<lambda> at 0x000001660E533A60>)",32,37,0.6897634861764543,0.6898075286271897,0.5413223140495868,0.5409836065573771,0.0,0.0,0.0,0.0,0.0,0.0,0.805171583797538,0.8777056277056277,0.06912446022033691
32,2,0.01,0.01,True,"(<function grid_search_and_save.<locals>.<lambda> at 0x000001660E5339C0>, <function grid_search_and_save.<locals>.<lambda> at 0x000001660E533A60>)",32,221,0.6900904702308266,0.6901296426150455,0.5413223140495868,0.5409836065573771,0.0,0.0,0.0,0.0,0.0,0.0,0.7115053985282993,0.6893939393939393,0.4193115234375
32,2,0.05,0.01,True,"(<function grid_search_and_save.<locals>.<lambda> at 0x000001660E5339C0>, <function grid_search_and_save.<locals>.<lambda> at 0x000001660E533A60>)",32,80,0.6897474418093283,0.6897905326871551,0.5413223140495868,0.5409836065573771,0.0,0.0,0.0,0.0,0.0,0.0,0.8513857368819201,0.8668831168831169,0.1559305191040039
32,2,0.1,0.01,True,"(<function grid_search_and_save.<locals>.<lambda> at 0x000001660E5339C0>, <function grid_search_and_save.<locals>.<lambda> at 0x000001660E533A60>)",32,46,0.6896889411107875,0.6897320263086176,0.5413223140495868,0.5409836065573771,0.0,0.0,0.0,0.0,0.0,0.0,0.8674093941269514,0.8841991341991341,0.08458662033081055
8,1,0.01,0.1,True,"(<function grid_search_and_save.<locals>.<lambda> at 0x000001660E5339C0>, <function grid_search_and_save.<locals>.<lambda> at 0x000001660E533A60>)",32,300,0.4666974209595722,0.45314833676752536,0.8429752066115702,0.8524590163934426,0.8476190476190476,0.8518518518518519,0.8018018018018018,0.8214285714285714,0.8240740740740741,0.8363636363636363,0.9164431607179698,0.9264069264069263,0.338839054107666
8,1,0.05,0.1,True,"(<function grid_search_and_save.<locals>.<lambda> at 0x000001660E5339C0>, <function grid_search_and_save.<locals>.<lambda> at 0x000001660E533A60>)",32,300,0.31469817843854647,0.3068324994670196,0.8801652892561983,0.8852459016393442,0.9019607843137255,0.92,0.8288288288288288,0.8214285714285714,0.863849765258216,0.8679245283018868,0.9401004057492607,0.9502164502164502,0.3634519577026367
8,1,0.1,0.1,True,"(<function grid_search_and_save.<locals>.<lambda> at 0x000001660E5339C0>, <function grid_search_and_save.<locals>.<lambda> at 0x000001660E533A60>)",32,300,0.2861074730083418,0.29807425215836403,0.9008264462809917,0.8852459016393442,0.9142857142857143,0.92,0.8648648648648649,0.8214285714285714,0.8888888888888888,0.8679245283018868,0.9474589092909704,0.9448051948051948,0.3506653308868408
16,1,0.01,0.1,True,"(<function grid_search_and_save.<locals>.<lambda> at 0x000001660E5339C0>, <function grid_search_and_save.<locals>.<lambda> at 0x000001660E533A60>)",32,300,0.4093828527124918,0.38199834038256575,0.8553719008264463,0.8360655737704918,0.88,0.8,0.7927927927927928,0.8571428571428571,0.8341232227488151,0.8275862068965517,0.9229076404648924,0.9556277056277056,0.3973991870880127
16,1,0.05,0.1,True,"(<function grid_search_and_save.<locals>.<lambda> at 0x000001660E5339C0>, <function grid_search_and_save.<locals>.<lambda> at 0x000001660E533A60>)",32,300,0.309886464186857,0.30044465618179483,0.8760330578512396,0.8524590163934426,0.900990099009901,0.88,0.8198198198198198,0.7857142857142857,0.8584905660377359,0.8301886792452831,0.9396190083212985,0.946969696969697,0.35991907119750977
16,1,0.1,0.1,True,"(<function grid_search_and_save.<locals>.<lambda> at 0x000001660E5339C0>, <function grid_search_and_save.<locals>.<lambda> at 0x000001660E533A60>)",32,300,0.28886812461688505,0.28653144262026753,0.9049586776859504,0.8688524590163934,0.9150943396226415,0.9166666666666666,0.8738738738738738,0.7857142857142857,0.8940092165898618,0.8461538461538461,0.946839969740733,0.948051948051948,0.3757028579711914
32,1,0.01,0.1,True,"(<function grid_search_and_save.<locals>.<lambda> at 0x000001660E5339C0>, <function grid_search_and_save.<locals>.<lambda> at 0x000001660E533A60>)",32,300,0.38986243960387684,0.34824638181259265,0.8553719008264463,0.8852459016393442,0.8725490196078431,0.8888888888888888,0.8018018018018018,0.8571428571428571,0.8356807511737089,0.8727272727272727,0.9237328931985421,0.9534632034632035,0.3803122043609619
32,1,0.05,0.1,True,"(<function grid_search_and_save.<locals>.<lambda> at 0x000001660E5339C0>, <function grid_search_and_save.<locals>.<lambda> at 0x000001660E533A60>)",32,300,0.3064041566559465,0.28667578039473907,0.8801652892561983,0.8852459016393442,0.91,0.92,0.8198198198198198,0.8214285714285714,0.8625592417061612,0.8679245283018868,0.9410632006051853,0.9491341991341992,0.39832353591918945
32,1,0.1,0.1,True,"(<function grid_search_and_save.<locals>.<lambda> at 0x000001660E5339C0>, <function grid_search_and_save.<locals>.<lambda> at 0x000001660E533A60>)",32,300,0.28626348497873594,0.2879239470557888,0.8966942148760331,0.8852459016393442,0.9134615384615384,0.92,0.8558558558558559,0.8214285714285714,0.8837209302325582,0.8679245283018868,0.9478715356577951,0.9437229437229437,0.3590123653411865
8,2,0.01,0.1,True,"(<function grid_search_and_save.<locals>.<lambda> at 0x000001660E5339C0>, <function grid_search_and_save.<locals>.<lambda> at 0x000001660E533A60>)",32,300,0.6114847848591998,0.6061860200750381,0.8140495867768595,0.8360655737704918,0.8586956521739131,0.8461538461538461,0.7117117117117117,0.7857142857142857,0.7783251231527094,0.8148148148148148,0.8885908809572932,0.8971861471861472,0.5002832412719727
8,2,0.05,0.1,True,"(<function grid_search_and_save.<locals>.<lambda> at 0x000001660E5339C0>, <function grid_search_and_save.<locals>.<lambda> at 0x000001660E533A60>)",32,300,0.322676952973986,0.3158727193782662,0.8801652892561983,0.8852459016393442,0.8942307692307693,0.92,0.8378378378378378,0.8214285714285714,0.8651162790697674,0.8679245283018868,0.9374183343648992,0.9502164502164502,0.4650614261627197
8,2,0.1,0.1,True,"(<function grid_search_and_save.<locals>.<lambda> at 0x000001660E5339C0>, <function grid_search_and_save.<locals>.<lambda> at 0x000001660E533A60>)",32,300,0.2694107258382642,0.29293748568486955,0.9214876033057852,0.8688524590163934,0.9107142857142857,0.8846153846153846,0.918918918918919,0.8214285714285714,0.9147982062780269,0.8518518518518519,0.9491781858194072,0.9469696969696969,0.4761629104614258
16,2,0.01,0.1,True,"(<function grid_search_and_save.<locals>.<lambda> at 0x000001660E5339C0>, <function grid_search_and_save.<locals>.<lambda> at 0x000001660E533A60>)",32,300,0.5345363187360855,0.5158114533478991,0.8305785123966942,0.8360655737704918,0.8365384615384616,0.8,0.7837837837837838,0.8571428571428571,0.8093023255813954,0.8275862068965517,0.9106663915824221,0.9393939393939394,0.5081610679626465
16,2,0.05,0.1,True,"(<function grid_search_and_save.<locals>.<lambda> at 0x000001660E5339C0>, <function grid_search_and_save.<locals>.<lambda> at 0x000001660E533A60>)",32,300,0.3125005546160561,0.29192625916825393,0.8801652892561983,0.8524590163934426,0.8942307692307693,0.88,0.8378378378378378,0.7857142857142857,0.8651162790697674,0.8301886792452831,0.9368681658757996,0.9567099567099567,0.5737721920013428
16,2,0.1,0.1,True,"(<function grid_search_and_save.<locals>.<lambda> at 0x000001660E5339C0>, <function grid_search_and_save.<locals>.<lambda> at 0x000001660E533A60>)",32,300,0.27302796380640626,0.27782345084319,0.9132231404958677,0.8524590163934426,0.9090909090909091,0.88,0.9009009009009009,0.7857142857142857,0.9049773755656109,0.8301886792452831,0.9493844990028196,0.9523809523809524,0.5039801597595215
32,2,0.01,0.1,True,"(<function grid_search_and_save.<locals>.<lambda> at 0x000001660E5339C0>, <function grid_search_and_save.<locals>.<lambda> at 0x000001660E533A60>)",32,300,0.4710607899462119,0.448940098743189,0.8305785123966942,0.8688524590163934,0.8571428571428571,0.8333333333333334,0.7567567567567568,0.8928571428571429,0.8038277511961722,0.8620689655172413,0.9150677394952204,0.9318181818181818,0.5545425415039062
32,2,0.05,0.1,True,"(<function grid_search_and_save.<locals>.<lambda> at 0x000001660E5339C0>, <function grid_search_and_save.<locals>.<lambda> at 0x000001660E533A60>)",32,300,0.29507923226514954,0.27638033324209677,0.8925619834710744,0.8524590163934426,0.9047619047619048,0.8518518518518519,0.8558558558558559,0.8214285714285714,0.8796296296296297,0.8363636363636363,0.9426449350113473,0.9556277056277056,0.5827274322509766
32,2,0.1,0.1,True,"(<function grid_search_and_save.<locals>.<lambda> at 0x000001660E5339C0>, <function grid_search_and_save.<locals>.<lambda> at 0x000001660E533A60>)",32,300,0.26257801468571357,0.25907617440669956,0.9297520661157025,0.8688524590163934,0.9351851851851852,0.8846153846153846,0.9099099099099099,0.8214285714285714,0.9223744292237442,0.8518518518518519,0.9521353414483186,0.9588744588744589,0.5915570259094238
8,1,0.01,0.5,True,"(<function grid_search_and_save.<locals>.<lambda> at 0x000001660E5339C0>, <function grid_search_and_save.<locals>.<lambda> at 0x000001660E533A60>)",32,300,0.4805189546905882,0.4760144702479604,0.8016528925619835,0.8032786885245902,0.794392523364486,0.7857142857142857,0.7657657657657657,0.7857142857142857,0.7798165137614679,0.7857142857142857,0.8710542603672375,0.8733766233766234,0.3408334255218506
8,1,0.05,0.5,True,"(<function grid_search_and_save.<locals>.<lambda> at 0x000001660E5339C0>, <function grid_search_and_save.<locals>.<lambda> at 0x000001660E533A60>)",32,300,0.34868768606255146,0.3770890810428511,0.859504132231405,0.8524590163934426,0.8532110091743119,0.8275862068965517,0.8378378378378378,0.8571428571428571,0.8454545454545455,0.8421052631578947,0.9278591568667904,0.9145021645021645,0.33408188819885254
8,1,0.1,0.5,True,"(<function grid_search_and_save.<locals>.<lambda> at 0x000001660E5339C0>, <function grid_search_and_save.<locals>.<lambda> at 0x000001660E533A60>)",32,300,0.29378718705346246,0.33686545738100765,0.8760330578512396,0.8852459016393442,0.8785046728971962,0.8888888888888888,0.8468468468468469,0.8571428571428571,0.8623853211009175,0.8727272727272727,0.9499346674919196,0.9253246753246753,0.3651769161224365
16,1,0.01,0.5,True,"(<function grid_search_and_save.<locals>.<lambda> at 0x000001660E5339C0>, <function grid_search_and_save.<locals>.<lambda> at 0x000001660E533A60>)",32,300,0.41198526375056954,0.3800246348180851,0.8264462809917356,0.8688524590163934,0.8349514563106796,0.8846153846153846,0.7747747747747747,0.8214285714285714,0.8037383177570093,0.8518518518518519,0.8967058661715149,0.9199134199134199,0.3941934108734131
16,1,0.05,0.5,True,"(<function grid_search_and_save.<locals>.<lambda> at 0x000001660E5339C0>, <function grid_search_and_save.<locals>.<lambda> at 0x000001660E533A60>)",32,300,0.3189920441952944,0.32965462444795174,0.8553719008264463,0.8032786885245902,0.8653846153846154,0.7857142857142857,0.8108108108108109,0.7857142857142857,0.8372093023255814,0.7857142857142857,0.9409256584829104,0.9361471861471862,0.3759880065917969
16,1,0.1,0.5,True,"(<function grid_search_and_save.<locals>.<lambda> at 0x000001660E5339C0>, <function grid_search_and_save.<locals>.<lambda> at 0x000001660E533A60>)",32,300,0.2678597353755727,0.3352144247001677,0.9132231404958677,0.819672131147541,0.9326923076923077,0.7931034482758621,0.8738738738738738,0.8214285714285714,0.9023255813953488,0.8070175438596491,0.9591499896843408,0.9296536796536797,0.36608457565307617
32,1,0.01,0.5,True,"(<function grid_search_and_save.<locals>.<lambda> at 0x000001660E5339C0>, <function grid_search_and_save.<locals>.<lambda> at 0x000001660E533A60>)",32,300,0.37938866114589187,0.3143280287726656,0.859504132231405,0.9180327868852459,0.8598130841121495,0.96,0.8288288288288288,0.8571428571428571,0.8440366972477065,0.9056603773584906,0.9092909703596725,0.9296536796536797,0.4134714603424072
32,1,0.05,0.5,True,"(<function grid_search_and_save.<locals>.<lambda> at 0x000001660E5339C0>, <function grid_search_and_save.<locals>.<lambda> at 0x000001660E533A60>)",32,300,0.27806623810358794,0.2806316595890518,0.9132231404958677,0.8688524590163934,0.9245283018867925,0.9166666666666666,0.8828828828828829,0.7857142857142857,0.9032258064516129,0.8461538461538461,0.9528918231208309,0.9523809523809523,0.4211299419403076
32,1,0.1,0.5,True,"(<function grid_search_and_save.<locals>.<lambda> at 0x000001660E5339C0>, <function grid_search_and_save.<locals>.<lambda> at 0x000001660E533A60>)",32,300,0.2364371354712184,0.30719539173463434,0.9545454545454546,0.8688524590163934,0.9629629629629629,0.9166666666666666,0.9369369369369369,0.7857142857142857,0.9497716894977168,0.8461538461538461,0.9638951929028264,0.9415584415584415,0.40245556831359863
8,2,0.01,0.5,True,"(<function grid_search_and_save.<locals>.<lambda> at 0x000001660E5339C0>, <function grid_search_and_save.<locals>.<lambda> at 0x000001660E533A60>)",32,300,0.4741922454201871,0.47585900274999665,0.8140495867768595,0.8032786885245902,0.7946428571428571,0.7857142857142857,0.8018018018018018,0.7857142857142857,0.7982062780269058,0.7857142857142857,0.8559933979781308,0.8560606060606061,0.5265860557556152
8,2,0.05,0.5,True,"(<function grid_search_and_save.<locals>.<lambda> at 0x000001660E5339C0>, <function grid_search_and_save.<locals>.<lambda> at 0x000001660E533A60>)",32,300,0.3724533999903961,0.4047405742322958,0.8636363636363636,0.8360655737704918,0.8421052631578947,0.8214285714285714,0.8648648648648649,0.8214285714285714,0.8533333333333334,0.8214285714285714,0.9121793549274465,0.8961038961038961,0.5259225368499756
8,2,0.1,0.5,True,"(<function grid_search_and_save.<locals>.<lambda> at 0x000001660E5339C0>, <function grid_search_and_save.<locals>.<lambda> at 0x000001660E533A60>)",32,300,0.31217487136023037,0.36258977704705786,0.8842975206611571,0.8688524590163934,0.8738738738738738,0.8571428571428571,0.8738738738738738,0.8571428571428571,0.8738738738738738,0.8571428571428571,0.9400316346881231,0.920995670995671,0.5101883411407471
16,2,0.01,0.5,True,"(<function grid_search_and_save.<locals>.<lambda> at 0x000001660E5339C0>, <function grid_search_and_save.<locals>.<lambda> at 0x000001660E533A60>)",32,300,0.43109882183725656,0.37988264157352036,0.8099173553719008,0.8032786885245902,0.7981651376146789,0.7666666666666667,0.7837837837837838,0.8214285714285714,0.7909090909090909,0.7931034482758621,0.8881782545904684,0.9231601731601731,0.5776278972625732
16,2,0.05,0.5,True,"(<function grid_search_and_save.<locals>.<lambda> at 0x000001660E5339C0>, <function grid_search_and_save.<locals>.<lambda> at 0x000001660E533A60>)",32,300,0.32344175132239517,0.30918835736146494,0.8760330578512396,0.8360655737704918,0.8715596330275229,0.8,0.8558558558558559,0.8571428571428571,0.8636363636363636,0.8275862068965517,0.9352864314696375,0.9437229437229437,0.5408387184143066
16,2,0.1,0.5,True,"(<function grid_search_and_save.<locals>.<lambda> at 0x000001660E5339C0>, <function grid_search_and_save.<locals>.<lambda> at 0x000001660E533A60>)",32,300,0.26476287910546054,0.31466506692601504,0.9090909090909091,0.819672131147541,0.9238095238095239,0.8148148148148148,0.8738738738738738,0.7857142857142857,0.8981481481481481,0.8,0.9589436765009284,0.9350649350649352,0.5693092346191406
32,2,0.01,0.5,True,"(<function grid_search_and_save.<locals>.<lambda> at 0x000001660E5339C0>, <function grid_search_and_save.<locals>.<lambda> at 0x000001660E533A60>)",32,300,0.3782648772522861,0.40212152970420245,0.8553719008264463,0.8524590163934426,0.8518518518518519,0.8064516129032258,0.8288288288288288,0.8928571428571429,0.8401826484018264,0.847457627118644,0.9209820507530431,0.9036796536796536,0.6253976821899414
32,2,0.05,0.5,True,"(<function grid_search_and_save.<locals>.<lambda> at 0x000001660E5339C0>, <function grid_search_and_save.<locals>.<lambda> at 0x000001660E533A60>)",32,300,0.23433621795511145,0.34084296851334506,0.9421487603305785,0.8524590163934426,0.9532710280373832,0.8275862068965517,0.918918918918919,0.8571428571428571,0.9357798165137615,0.8421052631578947,0.9686403961213121,0.9274891774891775,0.5964443683624268
32,2,0.1,0.5,True,"(<function grid_search_and_save.<locals>.<lambda> at 0x000001660E5339C0>, <function grid_search_and_save.<locals>.<lambda> at 0x000001660E533A60>)",32,300,0.18492989221565642,0.35284978413269885,0.9710743801652892,0.819672131147541,0.9814814814814815,0.7931034482758621,0.954954954954955,0.8214285714285714,0.9680365296803652,0.8070175438596491,0.9735231414620727,0.9274891774891775,0.5689620971679688
8,1,0.01,0.01,False,"(<function grid_search_and_save.<locals>.<lambda> at 0x000001660E5339C0>, <function grid_search_and_save.<locals>.<lambda> at 0x000001660E533A60>)",32,300,0.6047759864987317,0.6272094518750697,0.6735537190082644,0.639344262295082,0.7162162162162162,0.7142857142857143,0.4774774774774775,0.35714285714285715,0.572972972972973,0.47619047619047616,0.7617770442197923,0.7164502164502163,0.3716611862182617
8,1,0.05,0.01,False,"(<function grid_search_and_save.<locals>.<lambda> at 0x000001660E5339C0>, <function grid_search_and_save.<locals>.<lambda> at 0x000001660E533A60>)",32,300,0.6721493630647459,0.6989757654760241,0.5991735537190083,0.6229508196721312,0.7058823529411765,0.8571428571428571,0.21621621621621623,0.21428571428571427,0.3310344827586207,0.34285714285714286,0.7631524654425419,0.7142857142857143,0.3748300075531006
8,1,0.1,0.01,False,"(<function grid_search_and_save.<locals>.<lambda> at 0x000001660E5339C0>, <function grid_search_and_save.<locals>.<lambda> at 0x000001660E533A60>)",32,300,0.6256341306973949,0.6310940164716672,0.6942148760330579,0.7213114754098361,0.6666666666666666,0.7619047619047619,0.6666666666666666,0.5714285714285714,0.6666666666666666,0.6530612244897959,0.7551062512894575,0.7056277056277056,0.34171438217163086
16,1,0.01,0.01,False,"(<function grid_search_and_save.<locals>.<lambda> at 0x000001660E5339C0>, <function grid_search_and_save.<locals>.<lambda> at 0x000001660E533A60>)",32,300,0.5817268022157468,0.6299842362302012,0.7066115702479339,0.6721311475409836,0.7127659574468085,0.7222222222222222,0.6036036036036037,0.4642857142857143,0.6536585365853659,0.5652173913043478,0.7698920294340141,0.7088744588744588,0.34906792640686035
16,1,0.05,0.01,False,"(<function grid_search_and_save.<locals>.<lambda> at 0x000001660E5339C0>, <function grid_search_and_save.<locals>.<lambda> at 0x000001660E533A60>)",32,300,0.5951531940271211,0.6384747304317604,0.6487603305785123,0.639344262295082,0.703125,0.75,0.40540540540540543,0.32142857142857145,0.5142857142857142,0.45,0.7620521284643422,0.7164502164502164,0.36043763160705566
16,1,0.1,0.01,False,"(<function grid_search_and_save.<locals>.<lambda> at 0x000001660E5339C0>, <function grid_search_and_save.<locals>.<lambda> at 0x000001660E533A60>)",32,300,0.6076980698759104,0.63936905566423,0.6322314049586777,0.6065573770491803,0.7037037037037037,0.7,0.34234234234234234,0.25,0.46060606060606063,0.3684210526315789,0.7505673612543842,0.7012987012987013,0.37407970428466797
32,1,0.01,0.01,False,"(<function grid_search_and_save.<locals>.<lambda> at 0x000001660E5339C0>, <function grid_search_and_save.<locals>.<lambda> at 0x000001660E533A60>)",32,300,0.5859736231493701,0.6344315216325078,0.6735537190082644,0.639344262295082,0.7051282051282052,0.6875,0.4954954954954955,0.39285714285714285,0.582010582010582,0.5,0.7693418609449143,0.7153679653679653,0.40085673332214355
32,1,0.05,0.01,False,"(<function grid_search_and_save.<locals>.<lambda> at 0x000001660E5339C0>, <function grid_search_and_save.<locals>.<lambda> at 0x000001660E533A60>)",32,300,0.5905691863011288,0.6408566692625743,0.628099173553719,0.6065573770491803,0.7142857142857143,0.7,0.3153153153153153,0.25,0.4375,0.3684210526315789,0.7641152602984663,0.7077922077922078,0.38083529472351074
32,1,0.1,0.01,False,"(<function grid_search_and_save.<locals>.<lambda> at 0x000001660E5339C0>, <function grid_search_and_save.<locals>.<lambda> at 0x000001660E533A60>)",32,170,0.6128217977272399,0.6594405868409803,0.6198347107438017,0.6065573770491803,0.7021276595744681,0.7,0.2972972972972973,0.25,0.4177215189873418,0.3684210526315789,0.7515989271714463,0.7012987012987013,0.21279239654541016
8,2,0.01,0.01,False,"(<function grid_search_and_save.<locals>.<lambda> at 0x000001660E5339C0>, <function grid_search_and_save.<locals>.<lambda> at 0x000001660E533A60>)",32,213,0.6901095167025079,0.6901625680301796,0.5413223140495868,0.5409836065573771,0.0,0.0,0.0,0.0,0.0,0.0,0.6242349219448456,0.5844155844155845,0.3568909168243408
8,2,0.05,0.01,False,"(<function grid_search_and_save.<locals>.<lambda> at 0x000001660E5339C0>, <function grid_search_and_save.<locals>.<lambda> at 0x000001660E533A60>)",32,80,0.6897412726281886,0.6898228605542277,0.5413223140495868,0.5409836065573771,0.0,0.0,0.0,0.0,0.0,0.0,0.6687297985007908,0.6298701298701298,0.1541609764099121
8,2,0.1,0.01,False,"(<function grid_search_and_save.<locals>.<lambda> at 0x000001660E5339C0>, <function grid_search_and_save.<locals>.<lambda> at 0x000001660E533A60>)",32,46,0.6896826452343724,0.6897659929696744,0.5413223140495868,0.5409836065573771,0.0,0.0,0.0,0.0,0.0,0.0,0.6774637232652501,0.6309523809523809,0.07950210571289062
16,2,0.01,0.01,False,"(<function grid_search_and_save.<locals>.<lambda> at 0x000001660E5339C0>, <function grid_search_and_save.<locals>.<lambda> at 0x000001660E533A60>)",32,283,0.6895670640560794,0.689699087258034,0.5413223140495868,0.5409836065573771,0.0,0.0,0.0,0.0,0.0,0.0,0.74169589436765,0.6839826839826839,0.4893319606781006
16,2,0.05,0.01,False,"(<function grid_search_and_save.<locals>.<lambda> at 0x000001660E5339C0>, <function grid_search_and_save.<locals>.<lambda> at 0x000001660E533A60>)",32,300,0.5892631517120471,0.6246480800460161,0.7024793388429752,0.6721311475409836,0.7142857142857143,0.7222222222222222,0.5855855855855856,0.4642857142857143,0.6435643564356436,0.5652173913043478,0.7599202255690805,0.7142857142857143,0.5573592185974121
16,2,0.1,0.01,False,"(<function grid_search_and_save.<locals>.<lambda> at 0x000001660E5339C0>, <function grid_search_and_save.<locals>.<lambda> at 0x000001660E533A60>)",32,300,0.5911868482477556,0.630727581627851,0.6818181818181818,0.639344262295082,0.6214285714285714,0.5882352941176471,0.7837837837837838,0.7142857142857143,0.6932270916334662,0.6451612903225806,0.7522178667216836,0.7023809523809524,0.5710816383361816
32,2,0.01,0.01,False,"(<function grid_search_and_save.<locals>.<lambda> at 0x000001660E5339C0>, <function grid_search_and_save.<locals>.<lambda> at 0x000001660E533A60>)",32,300,0.6890316249724391,0.6893322001894938,0.5413223140495868,0.5409836065573771,0.0,0.0,0.0,0.0,0.0,0.0,0.7401141599614882,0.670995670995671,0.6165673732757568
32,2,0.05,0.01,False,"(<function grid_search_and_save.<locals>.<lambda> at 0x000001660E5339C0>, <function grid_search_and_save.<locals>.<lambda> at 0x000001660E533A60>)",32,300,0.5852203412430591,0.6246829301336049,0.7024793388429752,0.6885245901639344,0.6666666666666666,0.6956521739130435,0.7027027027027027,0.5714285714285714,0.6842105263157895,0.6274509803921569,0.7577195516126813,0.711038961038961,0.5553939342498779
32,2,0.1,0.01,False,"(<function grid_search_and_save.<locals>.<lambda> at 0x000001660E5339C0>, <function grid_search_and_save.<locals>.<lambda> at 0x000001660E533A60>)",32,300,0.5965150618029179,0.6411132916792011,0.628099173553719,0.6065573770491803,0.723404255319149,0.7,0.3063063063063063,0.25,0.43037974683544306,0.3684210526315789,0.7524929509662334,0.7012987012987013,0.5763380527496338
8,1,0.01,0.1,False,"(<function grid_search_and_save.<locals>.<lambda> at 0x000001660E5339C0>, <function grid_search_and_save.<locals>.<lambda> at 0x000001660E533A60>)",32,300,0.6135774149807295,0.6355288154925214,0.6694214876033058,0.6557377049180327,0.746031746031746,0.8181818181818182,0.42342342342342343,0.32142857142857145,0.5402298850574713,0.46153846153846156,0.7637026339316416,0.6958874458874458,0.34621429443359375
8,1,0.05,0.1,False,"(<function grid_search_and_save.<locals>.<lambda> at 0x000001660E5339C0>, <function grid_search_and_save.<locals>.<lambda> at 0x000001660E533A60>)",32,300,0.6461497000533082,0.6602018041287281,0.5950413223140496,0.5737704918032787,0.5340314136125655,0.5238095238095238,0.918918918918919,0.7857142857142857,0.6754966887417219,0.6285714285714286,0.7531806615776081,0.7056277056277056,0.35432958602905273
8,1,0.1,0.1,False,"(<function grid_search_and_save.<locals>.<lambda> at 0x000001660E5339C0>, <function grid_search_and_save.<locals>.<lambda> at 0x000001660E533A60>)",32,300,0.6077957687401122,0.6190584598050467,0.7066115702479339,0.6885245901639344,0.6694915254237288,0.6956521739130435,0.7117117117117117,0.5714285714285714,0.6899563318777293,0.6274509803921569,0.7611581046695551,0.7023809523809524,0.3421931266784668
16,1,0.01,0.1,False,"(<function grid_search_and_save.<locals>.<lambda> at 0x000001660E5339C0>, <function grid_search_and_save.<locals>.<lambda> at 0x000001660E533A60>)",32,300,0.6040957524122716,0.6334718271758514,0.6776859504132231,0.6721311475409836,0.7704918032786885,0.8333333333333334,0.42342342342342343,0.35714285714285715,0.5465116279069767,0.5,0.7692043188226394,0.724025974025974,0.28564882278442383
16,1,0.05,0.1,False,"(<function grid_search_and_save.<locals>.<lambda> at 0x000001660E5339C0>, <function grid_search_and_save.<locals>.<lambda> at 0x000001660E533A60>)",32,300,0.590788658638566,0.6292267169396955,0.6776859504132231,0.639344262295082,0.72,0.6875,0.4864864864864865,0.39285714285714285,0.5806451612903226,0.5,0.7691355477615018,0.712121212121212,0.2867310047149658
16,1,0.1,0.1,False,"(<function grid_search_and_save.<locals>.<lambda> at 0x000001660E5339C0>, <function grid_search_and_save.<locals>.<lambda> at 0x000001660E533A60>)",32,300,0.5976477367131464,0.6340218088925716,0.6652892561983471,0.639344262295082,0.7142857142857143,0.7142857142857143,0.45045045045045046,0.35714285714285715,0.5524861878453039,0.47619047619047616,0.7608830204250051,0.6969696969696969,0.32277631759643555
32,1,0.01,0.1,False,"(<function grid_search_and_save.<locals>.<lambda> at 0x000001660E5339C0>, <function grid_search_and_save.<locals>.<lambda> at 0x000001660E533A60>)",32,300,0.5969833160317024,0.6581808739132062,0.6528925619834711,0.639344262295082,0.7213114754098361,0.75,0.3963963963963964,0.32142857142857145,0.5116279069767442,0.45,0.7748435458359123,0.7110389610389611,0.36711859703063965
32,1,0.05,0.1,False,"(<function grid_search_and_save.<locals>.<lambda> at 0x000001660E5339C0>, <function grid_search_and_save.<locals>.<lambda> at 0x000001660E533A60>)",32,300,0.5883459904328259,0.6324971337038682,0.7107438016528925,0.6557377049180327,0.7303370786516854,0.7058823529411765,0.5855855855855856,0.42857142857142855,0.65,0.5333333333333333,0.7630836943814044,0.70995670995671,0.32462620735168457
32,1,0.1,0.1,False,"(<function grid_search_and_save.<locals>.<lambda> at 0x000001660E5339C0>, <function grid_search_and_save.<locals>.<lambda> at 0x000001660E533A60>)",32,300,0.5901180240801285,0.6460896001841714,0.6776859504132231,0.6229508196721312,0.6122448979591837,0.5806451612903226,0.8108108108108109,0.6428571428571429,0.6976744186046512,0.6101694915254238,0.7660408500103156,0.7142857142857142,0.3060271739959717
8,2,0.01,0.1,False,"(<function grid_search_and_save.<locals>.<lambda> at 0x000001660E5339C0>, <function grid_search_and_save.<locals>.<lambda> at 0x000001660E533A60>)",32,268,0.6826638884175161,0.688514479801567,0.5413223140495868,0.5409836065573771,0.0,0.0,0.0,0.0,0.0,0.0,0.6536689361116842,0.6233766233766234,0.3405799865722656
8,2,0.05,0.1,False,"(<function grid_search_and_save.<locals>.<lambda> at 0x000001660E5339C0>, <function grid_search_and_save.<locals>.<lambda> at 0x000001660E533A60>)",32,300,0.614899387436858,0.6255862369890689,0.7024793388429752,0.7049180327868853,0.6638655462184874,0.7272727272727273,0.7117117117117117,0.5714285714285714,0.6869565217391305,0.64,0.7631524654425418,0.70995670995671,0.3905463218688965
8,2,0.1,0.1,False,"(<function grid_search_and_save.<locals>.<lambda> at 0x000001660E5339C0>, <function grid_search_and_save.<locals>.<lambda> at 0x000001660E533A60>)",32,300,0.6265245986366208,0.6411364928069185,0.6570247933884298,0.6557377049180327,0.5909090909090909,0.6,0.8198198198198198,0.75,0.6867924528301886,0.6666666666666666,0.7469224950140981,0.6969696969696969,0.39119625091552734
16,2,0.01,0.1,False,"(<function grid_search_and_save.<locals>.<lambda> at 0x000001660E5339C0>, <function grid_search_and_save.<locals>.<lambda> at 0x000001660E533A60>)",32,20,0.6879045882390903,0.6887225952198845,0.5413223140495868,0.5409836065573771,0.0,0.0,0.0,0.0,0.0,0.0,0.7033904133140774,0.6547619047619048,0.03672361373901367
16,2,0.05,0.1,False,"(<function grid_search_and_save.<locals>.<lambda> at 0x000001660E5339C0>, <function grid_search_and_save.<locals>.<lambda> at 0x000001660E533A60>)",32,300,0.591425515103879,0.6328074072459516,0.6735537190082644,0.6557377049180327,0.6194029850746269,0.6129032258064516,0.7477477477477478,0.6785714285714286,0.6775510204081633,0.6440677966101694,0.7490543979093598,0.7012987012987012,0.4559814929962158
16,2,0.1,0.1,False,"(<function grid_search_and_save.<locals>.<lambda> at 0x000001660E5339C0>, <function grid_search_and_save.<locals>.<lambda> at 0x000001660E533A60>)",32,300,0.6505382523992244,0.682159385402963,0.6198347107438017,0.5901639344262295,0.8275862068965517,0.8,0.21621621621621623,0.14285714285714285,0.34285714285714286,0.24242424242424243,0.7595763702633932,0.7153679653679654,0.48714447021484375
32,2,0.01,0.1,False,"(<function grid_search_and_save.<locals>.<lambda> at 0x000001660E5339C0>, <function grid_search_and_save.<locals>.<lambda> at 0x000001660E533A60>)",32,147,0.6704769002719055,0.6794858802069886,0.5413223140495868,0.5409836065573771,0.0,0.0,0.0,0.0,0.0,0.0,0.7314490062581666,0.6688311688311688,0.22322440147399902
32,2,0.05,0.1,False,"(<function grid_search_and_save.<locals>.<lambda> at 0x000001660E5339C0>, <function grid_search_and_save.<locals>.<lambda> at 0x000001660E533A60>)",32,300,0.6049118507091715,0.6393338856513253,0.6652892561983471,0.639344262295082,0.6973684210526315,0.7142857142857143,0.4774774774774775,0.35714285714285715,0.5668449197860963,0.47619047619047616,0.7610205625472801,0.7067099567099567,0.5446710586547852
32,2,0.1,0.1,False,"(<function grid_search_and_save.<locals>.<lambda> at 0x000001660E5339C0>, <function grid_search_and_save.<locals>.<lambda> at 0x000001660E533A60>)",32,300,0.6256172833385689,0.6518282807796721,0.6115702479338843,0.5737704918032787,0.5445026178010471,0.5227272727272727,0.9369369369369369,0.8214285714285714,0.6887417218543046,0.6388888888888888,0.7617770442197925,0.7077922077922078,0.47902870178222656
8,1,0.01,0.5,False,"(<function grid_search_and_save.<locals>.<lambda> at 0x000001660E5339C0>, <function grid_search_and_save.<locals>.<lambda> at 0x000001660E533A60>)",32,300,0.6583474721750021,0.698227629940653,0.6239669421487604,0.5409836065573771,0.7,0.5,0.3153153153153153,0.10714285714285714,0.43478260869565216,0.17647058823529413,0.6459665772642872,0.591991341991342,0.274428129196167
8,1,0.05,0.5,False,"(<function grid_search_and_save.<locals>.<lambda> at 0x000001660E5339C0>, <function grid_search_and_save.<locals>.<lambda> at 0x000001660E533A60>)",32,300,0.6118710801635815,0.6744888671529691,0.640495867768595,0.5737704918032787,0.7608695652173914,0.6666666666666666,0.3153153153153153,0.14285714285714285,0.445859872611465,0.23529411764705882,0.7416271233065126,0.6785714285714285,0.2697455883026123
8,1,0.1,0.5,False,"(<function grid_search_and_save.<locals>.<lambda> at 0x000001660E5339C0>, <function grid_search_and_save.<locals>.<lambda> at 0x000001660E533A60>)",32,300,0.6170399939629427,0.6712170988038486,0.6611570247933884,0.6065573770491803,0.5935483870967742,0.5625,0.8288288288288288,0.6428571428571429,0.6917293233082706,0.6,0.7546248538614951,0.6850649350649352,0.2920060157775879
16,1,0.01,0.5,False,"(<function grid_search_and_save.<locals>.<lambda> at 0x000001660E5339C0>, <function grid_search_and_save.<locals>.<lambda> at 0x000001660E533A60>)",32,300,0.5417036573570078,0.597066192232949,0.731404958677686,0.6885245901639344,0.75,0.7368421052631579,0.6216216216216216,0.5,0.6798029556650246,0.5957446808510638,0.8186507117804827,0.7662337662337663,0.2873404026031494
16,1,0.05,0.5,False,"(<function grid_search_and_save.<locals>.<lambda> at 0x000001660E5339C0>, <function grid_search_and_save.<locals>.<lambda> at 0x000001660E533A60>)",32,300,0.5722345336173315,0.6180848410271926,0.6487603305785123,0.639344262295082,0.7241379310344828,0.75,0.3783783783783784,0.32142857142857145,0.4970414201183432,0.45,0.787016023657245,0.7586580086580087,0.2940187454223633
16,1,0.1,0.5,False,"(<function grid_search_and_save.<locals>.<lambda> at 0x000001660E5339C0>, <function grid_search_and_save.<locals>.<lambda> at 0x000001660E533A60>)",32,300,0.5805442854762282,0.6349641608444808,0.6694214876033058,0.6557377049180327,0.6781609195402298,0.7058823529411765,0.5315315315315315,0.42857142857142855,0.5959595959595959,0.5333333333333333,0.7850216628842583,0.722943722943723,0.29943418502807617
32,1,0.01,0.5,False,"(<function grid_search_and_save.<locals>.<lambda> at 0x000001660E5339C0>, <function grid_search_and_save.<locals>.<lambda> at 0x000001660E533A60>)",32,300,0.5826187424522221,0.647381706236109,0.6942148760330579,0.6557377049180327,0.7176470588235294,0.6842105263157895,0.5495495495495496,0.4642857142857143,0.6224489795918368,0.5531914893617021,0.756481672512207,0.6688311688311688,0.3470923900604248
32,1,0.05,0.5,False,"(<function grid_search_and_save.<locals>.<lambda> at 0x000001660E5339C0>, <function grid_search_and_save.<locals>.<lambda> at 0x000001660E533A60>)",32,300,0.5956323187068476,0.6730871196352691,0.6776859504132231,0.639344262295082,0.7037037037037037,0.6875,0.5135135135135135,0.39285714285714285,0.59375,0.5,0.7679664397221648,0.6839826839826839,0.3478202819824219
32,1,0.1,0.5,False,"(<function grid_search_and_save.<locals>.<lambda> at 0x000001660E5339C0>, <function grid_search_and_save.<locals>.<lambda> at 0x000001660E533A60>)",32,300,0.578664025458125,0.6056008371136102,0.6528925619834711,0.6885245901639344,0.7142857142857143,0.8,0.40540540540540543,0.42857142857142855,0.5172413793103449,0.5581395348837209,0.7713362217179011,0.7294372294372294,0.31932497024536133
8,2,0.01,0.5,False,"(<function grid_search_and_save.<locals>.<lambda> at 0x000001660E5339C0>, <function grid_search_and_save.<locals>.<lambda> at 0x000001660E533A60>)",32,182,0.6683974512359381,0.700569334859698,0.6198347107438017,0.5081967213114754,0.6727272727272727,0.375,0.3333333333333333,0.10714285714285714,0.4457831325301205,0.16666666666666666,0.577195516126814,0.4967532467532467,0.26192688941955566
8,2,0.05,0.5,False,"(<function grid_search_and_save.<locals>.<lambda> at 0x000001660E5339C0>, <function grid_search_and_save.<locals>.<lambda> at 0x000001660E533A60>)",32,300,0.65662311072003,0.6673560976171832,0.628099173553719,0.6065573770491803,0.6329113924050633,0.6666666666666666,0.45045045045045046,0.2857142857142857,0.5263157894736842,0.4,0.6784952891823121,0.6493506493506493,0.38409900665283203
8,2,0.1,0.5,False,"(<function grid_search_and_save.<locals>.<lambda> at 0x000001660E5339C0>, <function grid_search_and_save.<locals>.<lambda> at 0x000001660E533A60>)",32,300,0.6406380402119838,0.6785292720903559,0.6446280991735537,0.5901639344262295,0.7777777777777778,0.7142857142857143,0.3153153153153153,0.17857142857142858,0.44871794871794873,0.2857142857142857,0.6966508493226051,0.6699134199134198,0.38617444038391113
16,2,0.01,0.5,False,"(<function grid_search_and_save.<locals>.<lambda> at 0x000001660E5339C0>, <function grid_search_and_save.<locals>.<lambda> at 0x000001660E533A60>)",32,300,0.610961313758384,0.655367714706396,0.6735537190082644,0.6721311475409836,0.7758620689655172,0.8333333333333334,0.40540540540540543,0.35714285714285715,0.5325443786982249,0.5,0.7608830204250051,0.7132034632034632,0.4479672908782959
16,2,0.05,0.5,False,"(<function grid_search_and_save.<locals>.<lambda> at 0x000001660E5339C0>, <function grid_search_and_save.<locals>.<lambda> at 0x000001660E533A60>)",32,300,0.5974636686581168,0.6394294018716241,0.6528925619834711,0.6229508196721312,0.6956521739130435,0.6923076923076923,0.43243243243243246,0.32142857142857145,0.5333333333333333,0.43902439024390244,0.7539371432501203,0.7034632034632035,0.443406343460083
16,2,0.1,0.5,False,"(<function grid_search_and_save.<locals>.<lambda> at 0x000001660E5339C0>, <function grid_search_and_save.<locals>.<lambda> at 0x000001660E533A60>)",32,300,0.630960821100736,0.668361893834493,0.6818181818181818,0.639344262295082,0.6268656716417911,0.59375,0.7567567567567568,0.6785714285714286,0.6857142857142857,0.6333333333333333,0.7377071728216765,0.672077922077922,0.43717193603515625
32,2,0.01,0.5,False,"(<function grid_search_and_save.<locals>.<lambda> at 0x000001660E5339C0>, <function grid_search_and_save.<locals>.<lambda> at 0x000001660E533A60>)",32,300,0.613957708904829,0.7136455542340564,0.6652892561983471,0.5245901639344263,0.6630434782608695,0.47368421052631576,0.5495495495495496,0.32142857142857145,0.6009852216748769,0.3829787234042553,0.7111615432226118,0.550865800865801,0.44838476181030273
32,2,0.05,0.5,False,"(<function grid_search_and_save.<locals>.<lambda> at 0x000001660E5339C0>, <function grid_search_and_save.<locals>.<lambda> at 0x000001660E533A60>)",32,300,0.6040349990874858,0.6412557994954203,0.628099173553719,0.6065573770491803,0.5555555555555556,0.5434782608695652,0.9459459459459459,0.8928571428571429,0.7,0.6756756756756757,0.7398390757169382,0.7532467532467533,0.4696071147918701
32,2,0.1,0.5,False,"(<function grid_search_and_save.<locals>.<lambda> at 0x000001660E5339C0>, <function grid_search_and_save.<locals>.<lambda> at 0x000001660E533A60>)",32,300,0.623597228464838,0.6612161813708428,0.6363636363636364,0.5737704918032787,0.5614973262032086,0.5217391304347826,0.9459459459459459,0.8571428571428571,0.7046979865771812,0.6486486486486487,0.7383948834330514,0.7153679653679653,0.465059757232666
